source,target,type,probability
T4230,event-01756,GENERATES,0.67
T1020,event-01072,GENERATES,0.84
T3341,event-00309,GENERATES,0.55
T5130,event-00909,GENERATES,0.76
T6564,event-01105,GENERATES,0.97
CVE-2021-8623,event-01009,GENERATES,0.61
CVE-2024-3632,event-01448,GENERATES,0.66
T8446,event-01447,GENERATES,0.62
CVE-2025-5237,event-01052,GENERATES,0.85
T7191,event-01298,GENERATES,0.78
CVE-2025-9375,event-01818,GENERATES,0.78
T4491,event-00690,GENERATES,0.69
CVE-2022-8442,event-00700,GENERATES,0.59
T9225,event-00473,GENERATES,0.83
T4769,event-01502,GENERATES,0.6
T5967,event-01373,GENERATES,0.57
CVE-2024-6442,event-00267,GENERATES,0.62
T3994,event-01588,GENERATES,0.97
T6461,event-00192,GENERATES,0.81
T4230,event-00178,GENERATES,0.98
T6565,event-01392,GENERATES,0.52
T3371,event-00607,GENERATES,0.63
CVE-2022-5850,event-00724,GENERATES,0.79
CVE-2022-8964,event-00628,GENERATES,0.51
T2847,event-00640,GENERATES,0.62
T1388,event-00378,GENERATES,0.74
CVE-2023-3693,event-01742,GENERATES,0.56
CVE-2023-4048,event-00662,GENERATES,0.82
T1227,event-00765,GENERATES,0.57
T2734,event-00598,GENERATES,0.96
T4769,event-01652,GENERATES,0.8
T5850,event-00855,GENERATES,0.52
CVE-2022-4658,event-00988,GENERATES,0.78
T4925,event-01401,GENERATES,0.68
T3625,event-01948,GENERATES,0.98
CVE-2021-9039,event-01705,GENERATES,0.65
T6869,event-01230,GENERATES,0.66
CVE-2024-2350,event-00078,GENERATES,0.68
T2929,event-00331,GENERATES,0.6
CVE-2022-9007,event-01038,GENERATES,0.54
CVE-2020-9074,event-01182,GENERATES,0.72
CVE-2023-5900,event-00283,GENERATES,0.99
CVE-2021-2566,event-00529,GENERATES,0.52
CVE-2021-1384,event-01956,GENERATES,0.98
CVE-2021-7759,event-00246,GENERATES,0.68
T8424,event-01094,GENERATES,0.71
CVE-2024-2350,event-01303,GENERATES,0.99
CVE-2024-4917,event-00742,GENERATES,0.86
T5078,event-01800,GENERATES,0.58
CVE-2025-9189,event-01177,GENERATES,0.85
T8541,event-00315,GENERATES,0.61
T8034,event-01835,GENERATES,0.52
T1587,event-01174,GENERATES,0.8
T9375,event-00681,GENERATES,0.9
T6687,event-00238,GENERATES,0.58
CVE-2022-3238,event-01985,GENERATES,0.76
CVE-2021-4670,event-01913,GENERATES,0.81
CVE-2024-2014,event-01051,GENERATES,0.86
CVE-2024-3632,event-01101,GENERATES,0.98
CVE-2025-5149,event-01102,GENERATES,0.78
T2571,event-00763,GENERATES,1.0
T8272,event-00116,GENERATES,0.64
T6869,event-01002,GENERATES,0.6
CVE-2024-3576,event-00351,GENERATES,0.95
T4115,event-00257,GENERATES,0.85
T8296,event-00869,GENERATES,0.72
T5619,event-00430,GENERATES,0.89
T1562.002,event-00306,GENERATES,0.56
T9830,event-00664,GENERATES,0.91
T8878,event-01311,GENERATES,0.77
T9458,event-00703,GENERATES,0.97
CVE-2025-8446,event-01370,GENERATES,0.74
CVE-2024-4344,event-00968,GENERATES,0.73
CVE-2025-7364,event-01147,GENERATES,0.9
CVE-2025-9633,event-00801,GENERATES,0.79
T1020,event-01205,GENERATES,0.67
CVE-2022-2940,event-01796,GENERATES,0.89
T7181,event-01091,GENERATES,0.79
CVE-2022-6384,event-01660,GENERATES,0.89
CVE-2025-9974,event-00248,GENERATES,0.51
CVE-2021-1382,event-00769,GENERATES,0.89
T6087,event-01269,GENERATES,0.62
CVE-2022-3331,event-00897,GENERATES,0.98
CVE-2020-7038,event-01349,GENERATES,0.58
T5181,event-00756,GENERATES,0.57
T5972,event-00966,GENERATES,0.58
T4938,event-00813,GENERATES,0.83
T6958,event-01297,GENERATES,0.72
CVE-2021-1638,event-01319,GENERATES,0.98
CVE-2024-1623,event-00292,GENERATES,0.51
T1013,event-01490,GENERATES,0.76
CVE-2023-3542,event-00385,GENERATES,0.81
CVE-2021-5036,event-01488,GENERATES,0.86
T2687,event-01518,GENERATES,0.88
CVE-2025-3838,event-00636,GENERATES,0.88
T3477,event-01025,GENERATES,0.87
T9465,event-00942,GENERATES,0.79
CVE-2022-8450,event-01418,GENERATES,0.72
CVE-2022-3624,event-01701,GENERATES,0.76
CVE-2025-8430,event-01510,GENERATES,0.53
CVE-2020-4031,event-00056,GENERATES,0.63
CVE-2025-2412,event-00026,GENERATES,0.6
CVE-2022-7567,event-00746,GENERATES,0.73
CVE-2025-6076,event-01296,GENERATES,0.6
T6565,event-01455,GENERATES,0.53
CVE-2023-5960,event-01829,GENERATES,0.95
CVE-2024-2912,event-00632,GENERATES,0.94
T8563,event-00173,GENERATES,0.56
T5299,event-00215,GENERATES,0.94
CVE-2024-3069,event-01578,GENERATES,0.9
T1264,event-00672,GENERATES,0.68
CVE-2022-7138,event-01442,GENERATES,0.77
T5498,event-01356,GENERATES,0.94
T1828,event-01666,GENERATES,0.89
CVE-2023-4076,event-00883,GENERATES,0.73
CVE-2021-8650,event-00150,GENERATES,0.56
T3209,event-00264,GENERATES,0.52
T8045,event-00088,GENERATES,0.59
T3639,event-00156,GENERATES,0.83
CVE-2025-4656,event-01519,GENERATES,0.61
CVE-2025-3978,event-00506,GENERATES,0.82
CVE-2024-2912,event-01618,GENERATES,0.69
T3743,event-00278,GENERATES,0.78
CVE-2020-3228,event-00532,GENERATES,0.66
CVE-2024-6460,event-01386,GENERATES,0.75
CVE-2024-9332,event-00978,GENERATES,0.94
CVE-2024-1730,event-00669,GENERATES,0.79
T7048,event-00747,GENERATES,0.94
CVE-2021-8251,event-00551,GENERATES,0.77
T8814,event-01380,GENERATES,0.68
T9258,event-00713,GENERATES,0.89
CVE-2021-6046,event-01747,GENERATES,0.5
CVE-2021-5540,event-00923,GENERATES,0.57
T4233,event-01272,GENERATES,0.54
CVE-2025-7923,event-01516,GENERATES,0.6
T7001,event-00013,GENERATES,0.84
CVE-2023-9047,event-01480,GENERATES,0.9
T7973,event-00162,GENERATES,0.59
CVE-2024-7792,event-01645,GENERATES,0.95
T9211,event-00588,GENERATES,0.98
T2634,event-00716,GENERATES,0.81
CVE-2022-2940,event-01549,GENERATES,0.66
T2444,event-01295,GENERATES,0.94
T1465,event-00402,GENERATES,0.83
CVE-2022-5850,event-01736,GENERATES,0.64
T2929,event-01813,GENERATES,0.71
CVE-2021-8251,event-00114,GENERATES,0.93
CVE-2025-7091,event-00849,GENERATES,0.83
CVE-2020-9738,event-01293,GENERATES,0.87
CVE-2022-6900,event-00982,GENERATES,0.61
T3995,event-00483,GENERATES,0.65
CVE-2024-7814,event-01539,GENERATES,0.54
CVE-2020-1261,event-01002,GENERATES,0.77
T3980,event-00594,GENERATES,0.91
T4947,event-00039,GENERATES,0.69
CVE-2021-2566,event-00068,GENERATES,0.83
T6093,event-01553,GENERATES,0.88
T8290,event-01685,GENERATES,0.64
T2511,event-00442,GENERATES,0.52
T3865,event-01451,GENERATES,0.57
CVE-2023-3332,event-01980,GENERATES,0.69
T4721,event-00214,GENERATES,0.65
T2752,event-00548,GENERATES,0.6
CVE-2021-8477,event-01258,GENERATES,0.52
CVE-2022-5850,event-01119,GENERATES,0.83
T6465,event-01579,GENERATES,0.95
T5950,event-00942,GENERATES,0.75
T4115,event-00326,GENERATES,0.79
T8814,event-00305,GENERATES,0.91
T1025,event-00474,GENERATES,0.62
T4408,event-00178,GENERATES,0.53
T1264,event-01207,GENERATES,0.62
T1150,event-00639,GENERATES,0.6
T9221,event-01249,GENERATES,0.92
CVE-2022-9902,event-01702,GENERATES,0.84
T9920,event-00350,GENERATES,0.84
T8120,event-00549,GENERATES,0.85
T9907,event-00915,GENERATES,0.59
CVE-2022-2051,event-00515,GENERATES,0.69
T6752,event-00986,GENERATES,0.62
CVE-2023-1925,event-01249,GENERATES,0.76
CVE-2023-4464,event-00952,GENERATES,0.84
T1653,event-00324,GENERATES,0.85
CVE-2023-4102,event-01455,GENERATES,0.79
CVE-2021-44228,event-00813,GENERATES,0.54
T3714,event-00537,GENERATES,0.96
CVE-2020-8546,event-00682,GENERATES,0.66
CVE-2022-3521,event-00454,GENERATES,0.82
T1377,event-01680,GENERATES,0.65
T2418,event-01215,GENERATES,0.56
T7934,event-00899,GENERATES,0.5
CVE-2021-8623,event-01550,GENERATES,0.97
T4052,event-00630,GENERATES,0.66
T2340,event-01630,GENERATES,0.76
CVE-2022-7567,event-00898,GENERATES,0.86
CVE-2024-4344,event-00843,GENERATES,0.69
CVE-2025-2412,event-01349,GENERATES,0.53
CVE-2021-5683,event-00336,GENERATES,0.53
CVE-2024-7889,event-01516,GENERATES,0.63
T1296,event-00977,GENERATES,0.58
T4345,event-00100,GENERATES,0.88
CVE-2021-6360,event-01013,GENERATES,0.81
T2067,event-01111,GENERATES,0.88
CVE-2024-2014,event-01222,GENERATES,0.75
CVE-2022-4419,event-00608,GENERATES,0.66
T2044,event-00360,GENERATES,0.71
T1653,event-01604,GENERATES,0.96
CVE-2024-3583,event-00059,GENERATES,0.78
CVE-2025-7345,event-00843,GENERATES,0.54
T5263,event-01522,GENERATES,0.68
T6538,event-00114,GENERATES,0.89
T8002,event-00949,GENERATES,0.72
T9816,event-01673,GENERATES,0.87
T7710,event-01331,GENERATES,0.56
CVE-2021-5000,event-00867,GENERATES,0.94
T8040,event-00848,GENERATES,0.5
CVE-2021-3286,event-01636,GENERATES,0.98
T7652,event-01267,GENERATES,0.68
T8517,event-01228,GENERATES,1.0
CVE-2025-2628,event-01052,GENERATES,0.92
T3219,event-00275,GENERATES,0.57
T3614,event-00490,GENERATES,0.58
CVE-2025-6821,event-01892,GENERATES,0.6
CVE-2020-6722,event-00741,GENERATES,0.62
CVE-2025-5237,event-00874,GENERATES,0.6
CVE-2020-1261,event-01776,GENERATES,0.8
T5478,event-00856,GENERATES,0.73
CVE-2022-5269,event-01149,GENERATES,0.88
T5900,event-01224,GENERATES,0.63
CVE-2022-3628,event-01139,GENERATES,0.91
CVE-2023-4464,event-01983,GENERATES,0.73
CVE-2023-7441,event-00544,GENERATES,0.61
CVE-2025-2184,event-00216,GENERATES,0.81
CVE-2022-4176,event-01745,GENERATES,0.69
CVE-2024-6145,event-01887,GENERATES,0.64
T8717,event-01280,GENERATES,0.87
T9365,event-01049,GENERATES,0.97
T3477,event-01640,GENERATES,0.69
CVE-2022-7169,event-01519,GENERATES,0.81
CVE-2025-6656,event-01009,GENERATES,0.66
CVE-2023-3693,event-02000,GENERATES,0.58
CVE-2020-4205,event-00702,GENERATES,0.84
CVE-2024-6937,event-00583,GENERATES,0.72
T7365,event-00290,GENERATES,0.64
T9312,event-00174,GENERATES,0.76
T1044,event-01472,GENERATES,0.85
T3419,event-01572,GENERATES,0.6
CVE-2025-9189,event-01942,GENERATES,0.53
CVE-2021-4642,event-00363,GENERATES,0.92
T1056,event-00344,GENERATES,0.93
CVE-2025-8720,event-00502,GENERATES,0.68
CVE-2022-3819,event-00083,GENERATES,1.0
CVE-2022-3893,event-01543,GENERATES,0.93
CVE-2023-4393,event-00404,GENERATES,0.94
CVE-2022-5269,event-01687,GENERATES,0.98
CVE-2021-1382,event-01947,GENERATES,0.64
CVE-2020-7989,event-01978,GENERATES,0.55
CVE-2020-5545,event-00794,GENERATES,0.61
T4414,event-00579,GENERATES,0.67
CVE-2025-7475,event-01296,GENERATES,0.62
CVE-2023-9749,event-00206,GENERATES,0.97
CVE-2024-5914,event-00359,GENERATES,1.0
CVE-2023-4016,event-00708,GENERATES,0.75
CVE-2021-8129,event-01893,GENERATES,0.9
CVE-2022-2241,event-01624,GENERATES,0.98
CVE-2025-3471,event-01772,GENERATES,0.78
CVE-2021-4737,event-00163,GENERATES,0.82
T8676,event-01827,GENERATES,0.5
CVE-2021-7045,event-01107,GENERATES,0.57
T2514,event-00844,GENERATES,0.64
T5078,event-00033,GENERATES,0.52
T5375,event-00178,GENERATES,0.76
CVE-2021-3238,event-00820,GENERATES,0.91
T7312,event-01620,GENERATES,0.61
CVE-2022-3628,event-00699,GENERATES,0.89
T1557,event-01851,GENERATES,0.76
CVE-2020-6988,event-01680,GENERATES,0.97
CVE-2025-4740,event-00527,GENERATES,0.96
CVE-2022-3152,event-01419,GENERATES,0.85
T6190,event-00964,GENERATES,0.59
CVE-2021-6236,event-00269,GENERATES,0.98
CVE-2020-2664,event-00310,GENERATES,0.57
CVE-2021-1706,event-01096,GENERATES,0.73
T2763,event-01321,GENERATES,0.85
CVE-2024-2124,event-00626,GENERATES,0.57
T2847,event-01660,GENERATES,0.65
CVE-2025-7364,event-00826,GENERATES,0.61
CVE-2023-9434,event-01284,GENERATES,0.62
CVE-2021-4670,event-00199,GENERATES,0.58
CVE-2022-9962,event-01389,GENERATES,0.72
T8120,event-01202,GENERATES,0.78
CVE-2022-2940,event-01202,GENERATES,0.53
CVE-2023-3542,event-00314,GENERATES,0.78
T5552,event-00424,GENERATES,0.54
T2410,event-01394,GENERATES,0.72
CVE-2024-6937,event-00476,GENERATES,0.5
T2444,event-00637,GENERATES,0.75
T6175,event-00143,GENERATES,0.5
CVE-2022-4234,event-01324,GENERATES,0.98
CVE-2020-3360,event-01353,GENERATES,0.55
CVE-2021-3088,event-01872,GENERATES,0.54
T6584,event-01177,GENERATES,0.93
CVE-2025-7981,event-00503,GENERATES,0.67
T5299,event-01615,GENERATES,0.69
CVE-2023-1946,event-01629,GENERATES,0.82
CVE-2023-8882,event-01154,GENERATES,0.54
T1523,event-00071,GENERATES,0.85
T2733,event-01318,GENERATES,0.88
T3156,event-00695,GENERATES,0.66
T4499,event-01033,GENERATES,0.73
CVE-2020-7532,event-00577,GENERATES,0.91
T3449,event-00280,GENERATES,0.75
T5108,event-01069,GENERATES,0.64
CVE-2022-3918,event-01511,GENERATES,0.58
CVE-2020-5648,event-01218,GENERATES,0.64
T4026,event-01439,GENERATES,0.57
T2245,event-00962,GENERATES,1.0
CVE-2024-3506,event-01075,GENERATES,0.84
CVE-2022-5850,event-01364,GENERATES,0.86
T8243,event-00183,GENERATES,0.54
T3516,event-00715,GENERATES,0.58
CVE-2020-5379,event-00553,GENERATES,0.98
T4651,event-00370,GENERATES,0.77
T2390,event-01453,GENERATES,0.98
CVE-2020-6664,event-01079,GENERATES,0.97
T5102,event-01033,GENERATES,0.62
CVE-2024-1730,event-00969,GENERATES,0.96
CVE-2021-1503,event-00229,GENERATES,0.77
CVE-2024-5807,event-00188,GENERATES,0.81
CVE-2022-9007,event-00146,GENERATES,1.0
T5130,event-00558,GENERATES,0.67
CVE-2022-3521,event-00445,GENERATES,0.72
CVE-2022-7567,event-01008,GENERATES,0.73
T4408,event-01984,GENERATES,0.9
CVE-2022-8442,event-01580,GENERATES,0.64
CVE-2025-9062,event-01149,GENERATES,0.64
T1013,event-01707,GENERATES,0.74
T1653,event-00351,GENERATES,0.79
CVE-2020-9419,event-00183,GENERATES,0.62
T1190,event-00203,GENERATES,0.69
CVE-2023-2264,event-00359,GENERATES,0.73
CVE-2022-5269,event-00776,GENERATES,0.69
CVE-2020-7224,event-01026,GENERATES,0.98
T4093,event-00804,GENERATES,0.75
T5805,event-00610,GENERATES,0.94
T7087,event-00454,GENERATES,0.79
CVE-2022-1756,event-01496,GENERATES,0.68
CVE-2022-6951,event-00060,GENERATES,0.56
T6782,event-00955,GENERATES,0.78
T7201,event-00360,GENERATES,0.67
T9805,event-01930,GENERATES,0.7
T2752,event-01307,GENERATES,0.77
T8458,event-01329,GENERATES,0.99
T6584,event-01329,GENERATES,0.89
CVE-2023-2394,event-01860,GENERATES,0.99
T6869,event-00468,GENERATES,0.64
T1917,event-00902,GENERATES,0.51
T8832,event-00554,GENERATES,0.83
T8834,event-01698,GENERATES,0.99
T9225,event-01285,GENERATES,0.99
T8002,event-01918,GENERATES,0.7
CVE-2022-3152,event-00818,GENERATES,0.94
T3111,event-01360,GENERATES,0.74
CVE-2022-2241,event-00284,GENERATES,0.93
T2362,event-01039,GENERATES,0.99
T9576,event-00458,GENERATES,0.77
CVE-2020-2327,event-01196,GENERATES,0.9
T5804,event-00821,GENERATES,0.5
T7337,event-00227,GENERATES,0.99
CVE-2023-8871,event-01917,GENERATES,0.61
T6816,event-00260,GENERATES,0.6
T7941,event-01932,GENERATES,0.59
T4162,event-00760,GENERATES,0.81
CVE-2021-4394,event-01427,GENERATES,0.82
CVE-2024-8292,event-01924,GENERATES,0.84
CVE-2024-8292,event-01163,GENERATES,0.88
CVE-2022-3154,event-00143,GENERATES,0.8
CVE-2022-6384,event-01001,GENERATES,0.63
CVE-2025-8300,event-01875,GENERATES,0.72
CVE-2022-5524,event-00521,GENERATES,0.89
T1959,event-01375,GENERATES,0.76
T9101,event-00841,GENERATES,0.53
CVE-2025-2412,event-00696,GENERATES,0.74
CVE-2025-3978,event-01127,GENERATES,0.83
T1959,event-00169,GENERATES,0.77
CVE-2021-5683,event-01481,GENERATES,0.77
T1773,event-00491,GENERATES,0.71
T8446,event-00117,GENERATES,0.63
CVE-2020-8074,event-00644,GENERATES,0.62
T2522,event-00425,GENERATES,0.66
CVE-2022-6656,event-01056,GENERATES,0.99
T5078,event-00975,GENERATES,0.7
T1296,event-01255,GENERATES,0.59
CVE-2025-6336,event-01325,GENERATES,0.53
T9202,event-00862,GENERATES,0.84
T7820,event-00371,GENERATES,0.77
CVE-2021-6157,event-01563,GENERATES,0.74
CVE-2023-4074,event-00978,GENERATES,0.96
T4902,event-01986,GENERATES,0.96
CVE-2023-2593,event-01073,GENERATES,0.62
T7776,event-01415,GENERATES,0.64
CVE-2024-6145,event-01614,GENERATES,0.74
T4754,event-01148,GENERATES,0.93
CVE-2024-3069,event-00228,GENERATES,0.82
T2262,event-00202,GENERATES,0.6
CVE-2022-5255,event-00766,GENERATES,0.68
T2077,event-00723,GENERATES,0.65
CVE-2025-8137,event-00343,GENERATES,0.94
CVE-2022-3624,event-00259,GENERATES,0.65
T4912,event-00296,GENERATES,0.71
T3282,event-00555,GENERATES,0.74
T5498,event-01259,GENERATES,0.92
CVE-2023-5303,event-01988,GENERATES,0.73
T8913,event-00004,GENERATES,0.78
CVE-2023-8871,event-01319,GENERATES,0.63
CVE-2020-9074,event-00852,GENERATES,0.69
T1377,event-01016,GENERATES,0.69
CVE-2021-1382,event-01320,GENERATES,0.52
T9440,event-01708,GENERATES,0.6
CVE-2022-2409,event-01266,GENERATES,0.82
CVE-2024-6538,event-01333,GENERATES,0.53
CVE-2024-2110,event-01943,GENERATES,0.77
T8203,event-00222,GENERATES,0.55
T7017,event-00042,GENERATES,0.73
CVE-2025-6270,event-01892,GENERATES,0.81
T5459,event-00684,GENERATES,0.62
CVE-2023-8724,event-01437,GENERATES,0.99
CVE-2025-6076,event-00418,GENERATES,0.79
T1517,event-00183,GENERATES,0.73
CVE-2022-5269,event-00245,GENERATES,0.77
CVE-2025-6821,event-00527,GENERATES,0.53
CVE-2020-9538,event-00184,GENERATES,0.92
T1044,event-01277,GENERATES,0.59
CVE-2023-8882,event-00718,GENERATES,0.72
CVE-2019-11510,event-00676,GENERATES,0.77
T9202,event-01283,GENERATES,0.65
T2471,event-01551,GENERATES,0.66
T9252,event-01118,GENERATES,0.92
CVE-2023-2394,event-01068,GENERATES,0.51
CVE-2022-3152,event-00896,GENERATES,0.69
T7201,event-01231,GENERATES,0.52
T9258,event-01991,GENERATES,0.84
T1828,event-01639,GENERATES,0.7
CVE-2020-7719,event-00617,GENERATES,0.65
T2610,event-00239,GENERATES,0.68
T5756,event-00824,GENERATES,0.86
T9816,event-01071,GENERATES,0.84
T8694,event-01710,GENERATES,0.62
T3419,event-00652,GENERATES,0.88
CVE-2022-9902,event-00785,GENERATES,0.89
T3282,event-00017,GENERATES,0.86
T7511,event-00222,GENERATES,0.99
T2435,event-01553,GENERATES,0.52
CVE-2025-1020,event-00026,GENERATES,0.8
T3856,event-00263,GENERATES,0.64
T9225,event-01822,GENERATES,0.9
T5804,event-00663,GENERATES,0.56
CVE-2025-6902,event-00950,GENERATES,0.53
CVE-2023-2264,event-00223,GENERATES,0.82
T9833,event-00216,GENERATES,0.59
CVE-2025-7091,event-01394,GENERATES,0.67
CVE-2020-4544,event-00136,GENERATES,0.88
T3365,event-00352,GENERATES,0.8
T9895,event-01882,GENERATES,0.9
T1053,event-01715,GENERATES,0.79
T6465,event-00421,GENERATES,0.85
CVE-2020-1703,event-01417,GENERATES,0.96
T9499,event-01900,GENERATES,0.59
CVE-2024-4917,event-00947,GENERATES,0.76
T4113,event-01810,GENERATES,0.65
T8086,event-00548,GENERATES,0.84
CVE-2025-4656,event-00762,GENERATES,0.88
T1264,event-00352,GENERATES,0.97
T5459,event-01750,GENERATES,0.78
T8324,event-01599,GENERATES,0.84
T1264,event-01904,GENERATES,0.54
T8864,event-01571,GENERATES,0.8
CVE-2025-3953,event-01297,GENERATES,0.66
CVE-2022-9962,event-00066,GENERATES,0.85
CVE-2022-2981,event-01010,GENERATES,0.79
CVE-2023-4074,event-01851,GENERATES,0.76
T3076,event-00346,GENERATES,0.53
T8834,event-00300,GENERATES,0.91
T2866,event-00288,GENERATES,0.75
T3371,event-01873,GENERATES,0.7
T1587,event-01285,GENERATES,0.8
T7567,event-00021,GENERATES,0.74
CVE-2024-5694,event-01494,GENERATES,0.87
T3631,event-00994,GENERATES,0.56
CVE-2023-2593,event-00614,GENERATES,0.92
CVE-2025-5402,event-00902,GENERATES,0.51
T5375,event-00947,GENERATES,0.83
T9252,event-00811,GENERATES,0.59
CVE-2020-1823,event-00147,GENERATES,0.74
CVE-2023-8496,event-00544,GENERATES,0.66
T9076,event-00962,GENERATES,0.62
T8411,event-00349,GENERATES,0.62
T1587,event-00297,GENERATES,0.81
T3994,event-00622,GENERATES,0.58
CVE-2022-3238,event-00287,GENERATES,0.9
CVE-2023-2264,event-01196,GENERATES,0.95
CVE-2021-9112,event-00083,GENERATES,0.92
CVE-2023-8620,event-00582,GENERATES,0.94
CVE-2023-1716,event-01743,GENERATES,0.58
T1258,event-01777,GENERATES,0.88
T8864,event-00463,GENERATES,0.6
CVE-2021-1819,event-00593,GENERATES,0.69
CVE-2020-8062,event-00841,GENERATES,0.51
CVE-2021-4524,event-00491,GENERATES,0.92
CVE-2021-2356,event-01326,GENERATES,0.83
CVE-2022-6319,event-00446,GENERATES,0.69
CVE-2024-9998,event-01024,GENERATES,0.66
CVE-2020-6812,event-00241,GENERATES,0.91
T6952,event-00942,GENERATES,0.84
T6584,event-00320,GENERATES,0.9
T2541,event-01080,GENERATES,0.64
T3614,event-00401,GENERATES,0.58
T3608,event-01316,GENERATES,0.85
CVE-2025-8137,event-00328,GENERATES,0.81
T4162,event-01767,GENERATES,0.71
CVE-2020-9721,event-00592,GENERATES,0.97
CVE-2020-8730,event-00409,GENERATES,0.87
CVE-2023-6865,event-00227,GENERATES,0.57
CVE-2022-7916,event-00010,GENERATES,0.68
CVE-2023-1618,event-01436,GENERATES,0.87
T5619,event-00940,GENERATES,0.68
T6912,event-00084,GENERATES,0.99
T9499,event-01691,GENERATES,0.62
T9920,event-01218,GENERATES,0.63
T5147,event-01908,GENERATES,0.75
T2362,event-01420,GENERATES,0.68
T7723,event-01707,GENERATES,0.68
T7723,event-01638,GENERATES,0.93
CVE-2024-1412,event-00938,GENERATES,0.96
CVE-2025-2298,event-01573,GENERATES,0.79
CVE-2021-1872,event-00002,GENERATES,0.92
T5850,event-00528,GENERATES,0.65
CVE-2025-9189,event-00525,GENERATES,0.69
T3608,event-01890,GENERATES,0.57
T1304,event-01917,GENERATES,0.57
CVE-2023-8115,event-00612,GENERATES,0.61
T2299,event-00820,GENERATES,0.83
CVE-2022-3819,event-01970,GENERATES,0.74
CVE-2024-2912,event-01914,GENERATES,0.77
T1955,event-00321,GENERATES,0.62
CVE-2022-3154,event-01762,GENERATES,0.73
T4912,event-01611,GENERATES,0.66
CVE-2024-3602,event-00154,GENERATES,0.58
T1517,event-01757,GENERATES,0.54
T2228,event-01731,GENERATES,0.87
CVE-2024-2350,event-00577,GENERATES,0.53
T4504,event-00142,GENERATES,0.89
T5555,event-01859,GENERATES,0.69
T8086,event-01899,GENERATES,0.8
T2632,event-01999,GENERATES,0.82
CVE-2023-5430,event-01613,GENERATES,0.62
T2119,event-01579,GENERATES,0.75
T3388,event-01164,GENERATES,0.84
T8069,event-01443,GENERATES,0.57
T5459,event-00127,GENERATES,0.82
T3516,event-01482,GENERATES,0.78
T1995,event-01669,GENERATES,0.99
CVE-2021-7016,event-00315,GENERATES,0.82
T6461,event-00390,GENERATES,0.89
CVE-2024-1772,event-00504,GENERATES,0.71
T9211,event-00597,GENERATES,0.54
CVE-2020-2796,event-01452,GENERATES,0.56
CVE-2023-1982,event-01155,GENERATES,0.9
CVE-2021-1662,event-00470,GENERATES,0.72
T8676,event-01939,GENERATES,0.83
T8878,event-00220,GENERATES,0.78
CVE-2024-2174,event-01255,GENERATES,0.75
T6465,event-00629,GENERATES,0.66
CVE-2022-7231,event-01708,GENERATES,0.89
CVE-2023-3302,event-00049,GENERATES,0.86
T4160,event-01240,GENERATES,0.54
CVE-2024-8292,event-00333,GENERATES,0.54
T4947,event-01199,GENERATES,0.5
T2035,event-00301,GENERATES,0.9
CVE-2020-8366,event-00059,GENERATES,0.59
T3980,event-01450,GENERATES,0.62
T8356,event-00022,GENERATES,0.65
T3984,event-00506,GENERATES,0.87
CVE-2024-8517,event-01096,GENERATES,0.76
CVE-2025-1983,event-00715,GENERATES,0.98
CVE-2021-5480,event-00481,GENERATES,0.6
T2078,event-01907,GENERATES,0.82
T2257,event-01409,GENERATES,0.61
CVE-2022-1770,event-00353,GENERATES,0.77
CVE-2024-9998,event-01463,GENERATES,0.52
T7788,event-00564,GENERATES,0.99
CVE-2024-8947,event-00708,GENERATES,0.88
CVE-2022-2409,event-01878,GENERATES,0.59
T7653,event-01123,GENERATES,0.99
CVE-2022-6665,event-00513,GENERATES,0.97
T4491,event-00840,GENERATES,0.59
T4093,event-00700,GENERATES,0.6
CVE-2024-6816,event-00714,GENERATES,0.76
CVE-2020-8062,event-00491,GENERATES,0.75
T3608,event-00489,GENERATES,0.72
CVE-2021-5480,event-01026,GENERATES,0.78
CVE-2023-5831,event-01509,GENERATES,0.98
T2044,event-00024,GENERATES,0.52
CVE-2020-4544,event-00881,GENERATES,0.69
CVE-2025-9139,event-00491,GENERATES,0.66
T7395,event-00352,GENERATES,0.89
CVE-2022-6951,event-01276,GENERATES,0.52
CVE-2023-6608,event-01888,GENERATES,0.99
CVE-2020-1795,event-01762,GENERATES,0.82
T8045,event-00425,GENERATES,0.56
CVE-2021-8623,event-00288,GENERATES,0.78
T2903,event-01961,GENERATES,0.7
T3649,event-01555,GENERATES,0.92
CVE-2020-3818,event-01626,GENERATES,0.6
T8296,event-01894,GENERATES,0.62
T5363,event-01196,GENERATES,0.68
T4854,event-00394,GENERATES,0.76
T2226,event-01684,GENERATES,0.7
T2847,event-01616,GENERATES,0.74
CVE-2025-3953,event-00731,GENERATES,0.96
T2067,event-01879,GENERATES,0.6
CVE-2025-8746,event-01451,GENERATES,0.69
T2262,event-01619,GENERATES,0.83
CVE-2024-2196,event-01363,GENERATES,0.94
CVE-2025-7923,event-01151,GENERATES,0.78
CVE-2025-4792,event-00157,GENERATES,0.87
T9465,event-00931,GENERATES,0.78
T8003,event-01443,GENERATES,0.57
T2692,event-00649,GENERATES,0.59
T2035,event-01946,GENERATES,0.96
CVE-2024-3662,event-00763,GENERATES,0.56
CVE-2024-9666,event-01122,GENERATES,0.93
CVE-2020-4215,event-00639,GENERATES,0.75
CVE-2021-1799,event-00791,GENERATES,0.63
T2234,event-00149,GENERATES,0.78
T4872,event-01442,GENERATES,0.55
CVE-2022-2409,event-00980,GENERATES,0.59
CVE-2020-7895,event-01183,GENERATES,0.54
CVE-2020-4215,event-00073,GENERATES,0.82
T8517,event-00044,GENERATES,1.0
CVE-2022-7604,event-00436,GENERATES,0.55
CVE-2021-4642,event-01276,GENERATES,0.68
CVE-2020-5545,event-01658,GENERATES,0.92
T9076,event-01759,GENERATES,0.97
CVE-2020-6664,event-00612,GENERATES,0.89
CVE-2024-8582,event-01355,GENERATES,0.82
T1820,event-00507,GENERATES,0.64
CVE-2025-4098,event-01837,GENERATES,0.63
CVE-2021-3659,event-00326,GENERATES,0.93
CVE-2021-1503,event-01341,GENERATES,0.51
T4872,event-01880,GENERATES,0.67
CVE-2021-7469,event-01587,GENERATES,0.71
T7083,event-00360,GENERATES,0.84
T7410,event-00548,GENERATES,0.64
T9258,event-01969,GENERATES,0.8
CVE-2024-2360,event-00848,GENERATES,0.64
CVE-2021-5939,event-01325,GENERATES,0.8
CVE-2025-6821,event-00988,GENERATES,0.72
CVE-2022-3918,event-01726,GENERATES,0.63
T1429,event-00267,GENERATES,0.57
CVE-2024-2800,event-01681,GENERATES,0.78
CVE-2024-9332,event-00308,GENERATES,0.86
T1654,event-00608,GENERATES,0.91
CVE-2022-5169,event-01601,GENERATES,0.7
T8864,event-01296,GENERATES,0.7
T4491,event-00326,GENERATES,0.68
CVE-2021-3661,event-00243,GENERATES,0.95
CVE-2024-3072,event-01535,GENERATES,0.76
T9211,event-01014,GENERATES,0.98
T9199,event-01587,GENERATES,0.97
CVE-2024-1089,event-01222,GENERATES,0.65
T9312,event-00883,GENERATES,1.0
T4499,event-01479,GENERATES,0.86
T9133,event-01836,GENERATES,0.57
T1855,event-00133,GENERATES,0.69
T7087,event-01834,GENERATES,0.54
CVE-2020-3228,event-01353,GENERATES,0.79
T3714,event-00584,GENERATES,0.76
T2362,event-01515,GENERATES,0.69
CVE-2025-6938,event-01277,GENERATES,0.88
CVE-2024-7538,event-00152,GENERATES,0.61
CVE-2022-6900,event-01139,GENERATES,0.96
T6815,event-01652,GENERATES,0.74
CVE-2020-9074,event-00533,GENERATES,0.68
CVE-2025-5689,event-01172,GENERATES,0.79
T8553,event-00241,GENERATES,0.84
CVE-2021-8055,event-01367,GENERATES,0.91
T4902,event-01627,GENERATES,0.84
CVE-2020-4287,event-00767,GENERATES,0.59
CVE-2024-8848,event-00211,GENERATES,0.75
CVE-2021-5065,event-00007,GENERATES,0.52
CVE-2025-6004,event-01376,GENERATES,0.86
CVE-2025-4098,event-01345,GENERATES,0.54
T2522,event-01409,GENERATES,0.72
CVE-2021-5540,event-01199,GENERATES,0.88
T7410,event-00964,GENERATES,0.85
CVE-2024-3602,event-01955,GENERATES,0.94
T2471,event-00035,GENERATES,0.78
T5967,event-00887,GENERATES,0.68
T6913,event-01316,GENERATES,0.55
T8359,event-00565,GENERATES,0.65
T4501,event-00751,GENERATES,0.68
CVE-2024-1089,event-00871,GENERATES,0.76
T1053,event-01626,GENERATES,0.56
T1044,event-00009,GENERATES,0.85
T3209,event-01782,GENERATES,0.69
CVE-2025-6076,event-01557,GENERATES,0.7
T4754,event-00215,GENERATES,0.62
T8762,event-01232,GENERATES,0.73
T6218,event-01000,GENERATES,0.53
T3076,event-00060,GENERATES,0.62
T1614,event-01820,GENERATES,0.98
T1517,event-01380,GENERATES,0.55
T5078,event-00715,GENERATES,0.5
T4499,event-01124,GENERATES,0.55
T4081,event-00110,GENERATES,0.68
T6606,event-01012,GENERATES,0.79
CVE-2024-7370,event-00615,GENERATES,0.65
T3365,event-00530,GENERATES,0.65
T8243,event-01610,GENERATES,0.52
CVE-2022-6319,event-01444,GENERATES,0.58
CVE-2023-5325,event-01672,GENERATES,0.69
T1773,event-01914,GENERATES,0.86
T4915,event-01845,GENERATES,0.9
T3855,event-00256,GENERATES,0.8
CVE-2020-4341,event-00532,GENERATES,0.86
CVE-2022-2338,event-01446,GENERATES,0.64
T5122,event-00632,GENERATES,0.6
T9375,event-00730,GENERATES,0.8
T2444,event-00622,GENERATES,0.73
T3980,event-01446,GENERATES,0.57
CVE-2025-3154,event-00254,GENERATES,0.95
CVE-2020-3233,event-00159,GENERATES,0.79
CVE-2024-3632,event-01780,GENERATES,0.95
T5522,event-01755,GENERATES,0.61
CVE-2023-3332,event-01818,GENERATES,0.77
T4866,event-00740,GENERATES,0.84
CVE-2020-7719,event-01141,GENERATES,0.7
CVE-2020-7359,event-01455,GENERATES,0.85
CVE-2020-3818,event-00816,GENERATES,0.85
CVE-2021-4607,event-01727,GENERATES,0.71
CVE-2021-4670,event-00555,GENERATES,0.92
T9470,event-01136,GENERATES,0.94
CVE-2021-1382,event-01238,GENERATES,0.68
CVE-2017-0144,event-00963,GENERATES,0.69
T9950,event-01564,GENERATES,0.82
CVE-2021-5600,event-00362,GENERATES,0.68
T4872,event-01809,GENERATES,0.56
T8553,event-00088,GENERATES,0.87
CVE-2022-8754,event-01378,GENERATES,0.56
T4402,event-01902,GENERATES,0.62
T4754,event-00757,GENERATES,0.65
CVE-2023-7120,event-00607,GENERATES,0.69
CVE-2022-7396,event-00760,GENERATES,0.91
T7648,event-01699,GENERATES,0.89
CVE-2023-7120,event-00172,GENERATES,0.72
T7191,event-00214,GENERATES,0.87
CVE-2020-7532,event-00925,GENERATES,0.76
CVE-2021-4524,event-00766,GENERATES,0.77
T6754,event-00073,GENERATES,0.68
T9312,event-01066,GENERATES,0.62
CVE-2017-0144,event-00515,GENERATES,0.81
CVE-2021-5822,event-00697,GENERATES,0.76
CVE-2022-7018,event-01970,GENERATES,0.8
CVE-2021-8251,event-01158,GENERATES,0.65
CVE-2025-4740,event-01836,GENERATES,0.96
T4012,event-00383,GENERATES,0.61
CVE-2022-7018,event-00419,GENERATES,0.7
T4867,event-00304,GENERATES,0.53
CVE-2022-8689,event-01791,GENERATES,0.88
CVE-2020-5322,event-01666,GENERATES,0.61
CVE-2024-7889,event-00040,GENERATES,0.86
T8203,event-01396,GENERATES,0.58
CVE-2022-1883,event-01765,GENERATES,0.8
CVE-2021-5683,event-00596,GENERATES,0.86
T5900,event-01300,GENERATES,0.79
T2541,event-01358,GENERATES,0.96
CVE-2024-8012,event-01411,GENERATES,0.89
CVE-2021-6051,event-00831,GENERATES,0.76
CVE-2025-9375,event-00776,GENERATES,0.95
T2076,event-00607,GENERATES,0.69
CVE-2020-2796,event-01231,GENERATES,0.63
CVE-2024-3145,event-00682,GENERATES,0.94
T6816,event-00305,GENERATES,0.97
T7567,event-00684,GENERATES,0.76
T6958,event-00222,GENERATES,0.88
CVE-2023-5545,event-01078,GENERATES,0.91
T1882,event-00608,GENERATES,0.81
T1967,event-01472,GENERATES,0.55
T2640,event-00335,GENERATES,0.8
CVE-2021-1382,event-00753,GENERATES,0.58
T2847,event-01391,GENERATES,0.6
CVE-2023-6608,event-01238,GENERATES,0.74
T2752,event-00680,GENERATES,0.54
CVE-2020-9738,event-00636,GENERATES,0.59
T3625,event-00833,GENERATES,0.53
T9202,event-00472,GENERATES,0.59
T3268,event-01335,GENERATES,0.55
T6175,event-01646,GENERATES,0.55
T6582,event-00041,GENERATES,0.95
T1150,event-00386,GENERATES,0.55
T2824,event-01400,GENERATES,0.74
CVE-2022-4419,event-00399,GENERATES,0.71
CVE-2025-8035,event-00474,GENERATES,0.79
CVE-2024-6786,event-00882,GENERATES,0.71
T6958,event-00260,GENERATES,0.83
CVE-2021-8064,event-00023,GENERATES,0.54
CVE-2023-3221,event-00922,GENERATES,0.65
CVE-2021-6046,event-00323,GENERATES,0.72
T6687,event-01992,GENERATES,0.87
T3209,event-01205,GENERATES,0.95
T3111,event-00538,GENERATES,0.6
T3743,event-00832,GENERATES,0.8
T3300,event-01235,GENERATES,0.84
T9833,event-01454,GENERATES,0.98
T2712,event-01609,GENERATES,0.7
CVE-2021-8443,event-01344,GENERATES,0.9
CVE-2020-3789,event-01781,GENERATES,0.63
CVE-2021-4670,event-01650,GENERATES,0.58
CVE-2022-6242,event-01093,GENERATES,0.92
CVE-2024-4917,event-00736,GENERATES,0.97
T3260,event-00408,GENERATES,0.65
CVE-2024-3576,event-01046,GENERATES,0.91
T5963,event-00842,GENERATES,0.74
T7973,event-00026,GENERATES,0.73
CVE-2024-5807,event-01152,GENERATES,0.72
T2067,event-00163,GENERATES,0.6
CVE-2020-9419,event-01148,GENERATES,0.61
T8290,event-01014,GENERATES,0.95
T8290,event-01046,GENERATES,0.96
CVE-2020-4544,event-00647,GENERATES,0.65
CVE-2020-3947,event-00656,GENERATES,0.75
T8762,event-01704,GENERATES,0.65
CVE-2024-9666,event-00428,GENERATES,0.61
T4866,event-01172,GENERATES,0.61
T4925,event-00773,GENERATES,0.8
T1126,event-00281,GENERATES,0.93
T4499,event-00495,GENERATES,0.67
T4915,event-01842,GENERATES,0.68
CVE-2022-4096,event-01047,GENERATES,0.8
T6783,event-01900,GENERATES,0.68
T8056,event-01554,GENERATES,0.98
CVE-2020-7989,event-00713,GENERATES,0.69
CVE-2024-8435,event-01215,GENERATES,0.63
T3181,event-01776,GENERATES,0.68
CVE-2021-3373,event-00854,GENERATES,0.97
CVE-2025-2298,event-00563,GENERATES,0.72
CVE-2025-9208,event-00573,GENERATES,0.64
CVE-2021-1503,event-01091,GENERATES,0.54
CVE-2022-4745,event-00209,GENERATES,0.64
CVE-2023-8724,event-01101,GENERATES,0.52
T8813,event-01074,GENERATES,0.92
T9312,event-01245,GENERATES,0.81
T2299,event-00163,GENERATES,0.54
T8328,event-01610,GENERATES,0.94
CVE-2020-2995,event-00582,GENERATES,0.77
CVE-2025-4740,event-00330,GENERATES,0.94
T4705,event-00546,GENERATES,0.81
CVE-2024-8435,event-01583,GENERATES,0.86
CVE-2023-5635,event-00863,GENERATES,0.75
CVE-2023-5325,event-01992,GENERATES,0.87
T9226,event-01829,GENERATES,0.94
T2929,event-01669,GENERATES,0.96
CVE-2021-9039,event-00110,GENERATES,0.76
CVE-2020-9508,event-01480,GENERATES,0.91
CVE-2020-1703,event-01359,GENERATES,0.96
T9805,event-01242,GENERATES,0.93
CVE-2025-7136,event-01541,GENERATES,0.93
CVE-2023-1716,event-01708,GENERATES,0.58
CVE-2022-1771,event-01822,GENERATES,0.88
CVE-2022-4532,event-00080,GENERATES,0.9
CVE-2024-2350,event-00536,GENERATES,0.7
CVE-2021-7016,event-00659,GENERATES,0.62
CVE-2023-8882,event-01948,GENERATES,0.97
CVE-2022-3521,event-01507,GENERATES,0.87
CVE-2025-2022,event-01326,GENERATES,0.66
T1048,event-01377,GENERATES,0.99
CVE-2023-5831,event-01230,GENERATES,0.79
CVE-2023-5303,event-01072,GENERATES,0.69
CVE-2021-6236,event-01282,GENERATES,0.99
T5122,event-01819,GENERATES,0.73
CVE-2023-4048,event-00025,GENERATES,0.99
T8379,event-00202,GENERATES,0.58
T4491,event-01142,GENERATES,0.86
T1258,event-01137,GENERATES,0.78
T2067,event-00021,GENERATES,0.97
CVE-2022-4419,event-00184,GENERATES,0.95
T9312,event-00996,GENERATES,0.6
CVE-2021-2566,event-00633,GENERATES,0.93
CVE-2022-2517,event-00459,GENERATES,0.73
T8086,event-01699,GENERATES,0.62
CVE-2023-5900,event-00505,GENERATES,0.62
T4188,event-01113,GENERATES,0.92
T9950,event-00441,GENERATES,0.57
T2610,event-01226,GENERATES,0.7
T1258,event-00554,GENERATES,0.8
T8003,event-01433,GENERATES,0.88
CVE-2020-7989,event-00136,GENERATES,0.56
CVE-2024-3602,event-01489,GENERATES,0.79
T4402,event-00608,GENERATES,0.74
CVE-2025-2298,event-00676,GENERATES,0.56
CVE-2025-2288,event-01717,GENERATES,0.93
T3156,event-01906,GENERATES,0.64
CVE-2025-1020,event-00231,GENERATES,0.74
T6360,event-01169,GENERATES,0.77
T6332,event-00342,GENERATES,0.52
T8411,event-01295,GENERATES,0.74
T8761,event-01658,GENERATES,0.88
T7048,event-01285,GENERATES,0.87
T3181,event-01076,GENERATES,0.53
CVE-2022-7018,event-01832,GENERATES,0.8
CVE-2023-3653,event-01349,GENERATES,0.65
CVE-2024-2350,event-00330,GENERATES,0.89
CVE-2022-7372,event-01327,GENERATES,0.89
CVE-2022-6384,event-00269,GENERATES,0.89
CVE-2023-7120,event-01253,GENERATES,0.62
T7373,event-00234,GENERATES,0.75
CVE-2025-9139,event-01744,GENERATES,0.9
CVE-2025-7091,event-01073,GENERATES,0.54
T3477,event-01364,GENERATES,0.66
CVE-2023-8115,event-01120,GENERATES,0.68
T3076,event-01785,GENERATES,0.81
CVE-2023-3287,event-00529,GENERATES,0.99
T8106,event-00407,GENERATES,0.72
T4867,event-00246,GENERATES,0.64
T8665,event-01471,GENERATES,0.76
T7281,event-00195,GENERATES,0.77
CVE-2022-6319,event-01250,GENERATES,0.54
CVE-2022-6656,event-01565,GENERATES,0.76
T3995,event-00740,GENERATES,0.55
CVE-2023-1925,event-00035,GENERATES,0.8
CVE-2022-3152,event-01792,GENERATES,0.88
T3274,event-00708,GENERATES,0.9
T8508,event-01258,GENERATES,0.78
T3756,event-00729,GENERATES,0.93
CVE-2022-4745,event-01422,GENERATES,0.73
CVE-2021-8623,event-01800,GENERATES,0.95
CVE-2024-7792,event-00588,GENERATES,0.91
CVE-2024-3602,event-01323,GENERATES,0.82
T6213,event-01142,GENERATES,0.6
T3845,event-00185,GENERATES,0.87
CVE-2024-8517,event-01478,GENERATES,0.65
CVE-2025-9502,event-01356,GENERATES,1.0
CVE-2022-3172,event-00755,GENERATES,0.81
CVE-2020-3228,event-01828,GENERATES,0.51
T9312,event-01335,GENERATES,0.74
T8864,event-00504,GENERATES,0.74
CVE-2023-5325,event-01976,GENERATES,0.9
CVE-2020-9538,event-00615,GENERATES,0.65
CVE-2024-6843,event-01607,GENERATES,0.63
T6276,event-01735,GENERATES,0.77
T9096,event-01244,GENERATES,0.68
T8517,event-01875,GENERATES,0.63
CVE-2023-2623,event-01774,GENERATES,0.8
T8328,event-01288,GENERATES,0.67
CVE-2022-2338,event-00980,GENERATES,0.92
T1882,event-00724,GENERATES,0.72
CVE-2023-8871,event-01453,GENERATES,0.8
T8508,event-01538,GENERATES,0.93
T6783,event-01621,GENERATES,0.97
CVE-2025-6076,event-00875,GENERATES,0.78
T6093,event-01711,GENERATES,0.82
T4499,event-00394,GENERATES,0.89
T9312,event-01365,GENERATES,0.86
CVE-2020-5379,event-00925,GENERATES,0.67
T8271,event-01875,GENERATES,0.51
T9499,event-01181,GENERATES,0.55
CVE-2025-2628,event-01272,GENERATES,0.9
CVE-2021-8129,event-01284,GENERATES,0.9
T7373,event-00591,GENERATES,0.91
CVE-2025-9558,event-00630,GENERATES,0.69
CVE-2020-6331,event-01344,GENERATES,0.76
T2245,event-01671,GENERATES,0.99
T9441,event-00394,GENERATES,0.81
T9458,event-01176,GENERATES,0.83
T3714,event-00066,GENERATES,0.83
CVE-2022-2981,event-00733,GENERATES,0.61
CVE-2022-3628,event-00936,GENERATES,0.61
CVE-2021-8129,event-00118,GENERATES,0.63
CVE-2023-7289,event-00258,GENERATES,0.71
CVE-2022-2624,event-00474,GENERATES,0.51
T2632,event-00861,GENERATES,0.58
CVE-2020-3108,event-01843,GENERATES,0.73
CVE-2022-2409,event-01690,GENERATES,0.77
CVE-2021-5065,event-00412,GENERATES,0.84
CVE-2025-2022,event-01438,GENERATES,0.92
T6446,event-01973,GENERATES,0.67
CVE-2024-3506,event-00460,GENERATES,0.97
CVE-2025-4249,event-00767,GENERATES,0.97
T4949,event-00894,GENERATES,0.99
T2901,event-01557,GENERATES,0.68
CVE-2023-3541,event-01062,GENERATES,0.56
T5466,event-01224,GENERATES,0.82
CVE-2024-4344,event-00168,GENERATES,0.63
T9076,event-00559,GENERATES,0.71
T3834,event-00175,GENERATES,0.98
CVE-2021-7724,event-01053,GENERATES,0.66
T4115,event-00293,GENERATES,0.91
CVE-2025-6277,event-00121,GENERATES,0.87
T5599,event-01248,GENERATES,0.7
T6815,event-00959,GENERATES,0.55
T2245,event-01931,GENERATES,0.81
T9312,event-01940,GENERATES,0.54
T1882,event-00327,GENERATES,0.64
T7483,event-01493,GENERATES,0.55
CVE-2024-8848,event-00900,GENERATES,0.69
T6958,event-00794,GENERATES,0.68
CVE-2021-1706,event-01926,GENERATES,0.93
T2798,event-00757,GENERATES,0.68
T2763,event-01833,GENERATES,0.64
CVE-2020-1691,event-00360,GENERATES,0.74
CVE-2024-7370,event-01381,GENERATES,0.97
CVE-2025-6938,event-01953,GENERATES,0.77
T3672,event-01389,GENERATES,0.6
CVE-2020-1795,event-00964,GENERATES,0.64
T3608,event-01021,GENERATES,0.58
CVE-2021-8477,event-01576,GENERATES,0.77
CVE-2022-9915,event-00107,GENERATES,0.57
CVE-2024-2014,event-00952,GENERATES,0.88
T2511,event-01401,GENERATES,0.6
CVE-2022-7121,event-00841,GENERATES,0.87
T2618,event-01346,GENERATES,0.78
T2719,event-01318,GENERATES,0.57
T7511,event-01443,GENERATES,0.65
T4866,event-00224,GENERATES,0.75
T9199,event-00821,GENERATES,0.86
CVE-2022-7200,event-01050,GENERATES,0.67
CVE-2024-2119,event-01621,GENERATES,0.9
CVE-2022-7231,event-00609,GENERATES,0.57
CVE-2025-2412,event-00748,GENERATES,0.66
T9470,event-00651,GENERATES,0.56
CVE-2023-1716,event-01405,GENERATES,0.76
CVE-2022-2940,event-00390,GENERATES,0.67
CVE-2021-8945,event-01197,GENERATES,0.83
T3855,event-01927,GENERATES,0.78
CVE-2023-2055,event-01433,GENERATES,0.55
T5246,event-01651,GENERATES,0.95
T3333,event-01710,GENERATES,0.91
CVE-2021-8945,event-00209,GENERATES,0.91
CVE-2022-2986,event-01018,GENERATES,0.57
CVE-2024-2010,event-01199,GENERATES,0.98
T7652,event-01254,GENERATES,0.94
T9252,event-00881,GENERATES,0.9
CVE-2025-9189,event-01938,GENERATES,0.74
CVE-2025-6897,event-00024,GENERATES,0.7
CVE-2020-8560,event-00376,GENERATES,0.7
CVE-2020-1863,event-00654,GENERATES,0.86
CVE-2023-5545,event-01059,GENERATES,0.7
CVE-2020-7224,event-00500,GENERATES,0.79
T3260,event-00765,GENERATES,0.62
CVE-2023-2623,event-01661,GENERATES,0.62
T5498,event-00044,GENERATES,0.57
T1371,event-00428,GENERATES,0.95
T7135,event-00467,GENERATES,0.84
CVE-2022-6334,event-01691,GENERATES,0.94
CVE-2021-5683,event-01475,GENERATES,0.58
CVE-2023-3332,event-01793,GENERATES,0.89
T1296,event-01952,GENERATES,0.62
CVE-2022-3819,event-00835,GENERATES,0.74
T3080,event-01544,GENERATES,0.59
T1190,event-00610,GENERATES,0.79
T8878,event-00611,GENERATES,0.91
CVE-2022-2540,event-00882,GENERATES,0.76
CVE-2025-9346,event-01261,GENERATES,0.87
CVE-2024-1623,event-01923,GENERATES,0.57
CVE-2020-2327,event-00067,GENERATES,0.8
CVE-2022-3628,event-00977,GENERATES,0.98
T8324,event-01473,GENERATES,0.68
T8424,event-01263,GENERATES,0.98
T1523,event-00728,GENERATES,0.52
CVE-2025-7345,event-01186,GENERATES,0.88
CVE-2024-5807,event-01065,GENERATES,0.68
CVE-2021-7724,event-01672,GENERATES,0.76
T9019,event-00652,GENERATES,0.97
T4938,event-01950,GENERATES,0.91
CVE-2020-7851,event-01690,GENERATES,0.7
T6121,event-01012,GENERATES,1.0
T9312,event-00343,GENERATES,0.63
T2719,event-01340,GENERATES,0.84
T4947,event-01895,GENERATES,0.52
CVE-2022-7827,event-01117,GENERATES,0.65
T6620,event-00538,GENERATES,0.57
T8446,event-01292,GENERATES,0.6
CVE-2024-8947,event-01505,GENERATES,0.83
CVE-2022-7018,event-01873,GENERATES,0.82
T3953,event-00731,GENERATES,0.57
CVE-2025-7136,event-00534,GENERATES,0.78
CVE-2017-0144,event-00999,GENERATES,0.77
CVE-2020-1703,event-00181,GENERATES,0.72
T6467,event-01940,GENERATES,0.85
CVE-2022-3893,event-00925,GENERATES,0.81
CVE-2025-1020,event-00146,GENERATES,0.63
CVE-2025-2184,event-01866,GENERATES,0.64
CVE-2022-6568,event-01719,GENERATES,0.86
T3984,event-01816,GENERATES,0.85
CVE-2021-5540,event-00741,GENERATES,0.67
CVE-2024-4917,event-01623,GENERATES,0.86
T9938,event-00049,GENERATES,0.88
T2511,event-01902,GENERATES,0.68
T9226,event-01515,GENERATES,0.54
T8814,event-01259,GENERATES,0.79
T4867,event-00573,GENERATES,0.86
CVE-2025-4068,event-01848,GENERATES,0.59
CVE-2020-3789,event-01442,GENERATES,0.74
CVE-2020-4520,event-00200,GENERATES,0.6
T9855,event-00560,GENERATES,0.96
T3154,event-00632,GENERATES,0.58
T5094,event-00978,GENERATES,0.66
CVE-2024-4799,event-01593,GENERATES,0.51
T4866,event-01072,GENERATES,0.7
CVE-2020-7719,event-01151,GENERATES,0.81
CVE-2023-2593,event-00597,GENERATES,0.64
T2067,event-01380,GENERATES,0.96
T5246,event-01293,GENERATES,0.79
CVE-2020-8546,event-01169,GENERATES,0.7
T3300,event-00310,GENERATES,0.82
T5094,event-01114,GENERATES,0.76
T5358,event-01213,GENERATES,0.61
T1654,event-01929,GENERATES,0.98
T1429,event-00857,GENERATES,0.59
CVE-2020-8276,event-00669,GENERATES,0.84
T9101,event-01453,GENERATES,0.87
CVE-2020-3233,event-01867,GENERATES,0.87
CVE-2023-8724,event-01125,GENERATES,0.66
T6218,event-01164,GENERATES,0.85
T5804,event-00887,GENERATES,0.58
T2299,event-01979,GENERATES,0.97
CVE-2022-1059,event-01434,GENERATES,0.65
CVE-2020-7851,event-00371,GENERATES,0.54
T3080,event-01379,GENERATES,0.87
CVE-2022-5169,event-01289,GENERATES,0.79
CVE-2020-7038,event-01335,GENERATES,0.68
CVE-2023-5325,event-00310,GENERATES,0.91
CVE-2020-4287,event-01310,GENERATES,0.79
CVE-2021-6051,event-00386,GENERATES,0.55
T1955,event-00029,GENERATES,0.59
CVE-2024-1398,event-01539,GENERATES,0.72
T9793,event-00005,GENERATES,0.77
T1654,event-00947,GENERATES,0.98
T4402,event-00101,GENERATES,0.8
CVE-2024-7442,event-01800,GENERATES,0.64
T1870,event-01188,GENERATES,0.52
T8813,event-01844,GENERATES,0.75
CVE-2021-1586,event-00846,GENERATES,0.76
CVE-2025-8632,event-00001,GENERATES,0.96
T1101,event-01451,GENERATES,0.91
T2119,event-00923,GENERATES,0.93
T9499,event-00555,GENERATES,0.56
T7281,event-01173,GENERATES,0.82
T2734,event-00962,GENERATES,0.85
CVE-2022-7860,event-00548,GENERATES,0.7
CVE-2021-5480,event-00684,GENERATES,0.59
CVE-2023-2299,event-01953,GENERATES,1.0
T6687,event-01143,GENERATES,0.96
T7201,event-00895,GENERATES,0.93
CVE-2023-6006,event-01156,GENERATES,0.54
CVE-2021-9039,event-00785,GENERATES,0.73
CVE-2024-9666,event-01572,GENERATES,0.91
CVE-2022-5850,event-01099,GENERATES,0.66
CVE-2022-5996,event-01237,GENERATES,0.78
CVE-2024-6442,event-00979,GENERATES,0.69
CVE-2025-8617,event-00784,GENERATES,0.61
T9441,event-00616,GENERATES,0.68
T7141,event-01230,GENERATES,0.91
T1523,event-00078,GENERATES,0.97
CVE-2021-3661,event-00742,GENERATES,0.69
T3516,event-01422,GENERATES,0.96
CVE-2020-4215,event-01245,GENERATES,0.78
CVE-2020-4341,event-00900,GENERATES,0.58
CVE-2021-6908,event-00158,GENERATES,0.82
CVE-2020-1823,event-00799,GENERATES,0.94
T3156,event-00179,GENERATES,0.76
CVE-2022-3893,event-01299,GENERATES,0.82
T6190,event-01058,GENERATES,0.88
T6276,event-00886,GENERATES,0.91
T2035,event-01683,GENERATES,0.98
CVE-2021-5267,event-01349,GENERATES,0.53
CVE-2021-4737,event-00872,GENERATES,0.85
T8120,event-00571,GENERATES,0.7
T7191,event-01018,GENERATES,0.59
T4113,event-00020,GENERATES,0.72
T6355,event-00623,GENERATES,0.94
CVE-2025-6357,event-00373,GENERATES,0.58
T6564,event-00001,GENERATES,0.8
T3672,event-01149,GENERATES,0.61
CVE-2025-7091,event-01429,GENERATES,0.98
T2390,event-01530,GENERATES,0.98
T1611,event-01884,GENERATES,0.97
T4162,event-00575,GENERATES,0.6
T3555,event-00196,GENERATES,0.53
CVE-2023-8724,event-01210,GENERATES,0.54
CVE-2020-7851,event-01434,GENERATES,1.0
CVE-2024-2110,event-01249,GENERATES,0.82
CVE-2024-1362,event-01673,GENERATES,0.8
CVE-2022-1883,event-01878,GENERATES,0.97
CVE-2020-0688,event-01893,GENERATES,0.68
CVE-2024-2174,event-01491,GENERATES,0.97
CVE-2024-2709,event-01668,GENERATES,0.58
T1995,event-00537,GENERATES,0.77
T8677,event-00103,GENERATES,0.76
CVE-2025-9715,event-00484,GENERATES,0.89
CVE-2024-9705,event-00264,GENERATES,0.63
CVE-2024-2119,event-01504,GENERATES,0.68
T4854,event-00391,GENERATES,0.6
CVE-2024-2196,event-01761,GENERATES,0.97
T5599,event-00495,GENERATES,0.71
CVE-2024-2196,event-01862,GENERATES,0.84
T8665,event-00165,GENERATES,0.51
CVE-2023-8620,event-01284,GENERATES,0.94
CVE-2020-8202,event-00031,GENERATES,0.75
T6130,event-00613,GENERATES,0.77
T5900,event-00535,GENERATES,0.55
CVE-2022-2517,event-01776,GENERATES,0.7
T5727,event-01697,GENERATES,1.0
CVE-2024-8012,event-00740,GENERATES,0.91
CVE-2022-8754,event-00579,GENERATES,0.74
T7486,event-00657,GENERATES,0.87
T5645,event-00246,GENERATES,0.63
T5173,event-01944,GENERATES,0.75
CVE-2020-6722,event-01999,GENERATES,0.97
T1429,event-01493,GENERATES,0.6
T7205,event-01613,GENERATES,0.89
CVE-2023-5960,event-00923,GENERATES,0.85
CVE-2025-8430,event-00568,GENERATES,0.95
CVE-2025-8137,event-00826,GENERATES,0.62
CVE-2023-9749,event-01811,GENERATES,0.81
CVE-2025-5402,event-01797,GENERATES,0.8
CVE-2021-8623,event-01495,GENERATES,0.94
T5173,event-01137,GENERATES,0.51
CVE-2023-3960,event-01507,GENERATES,0.97
CVE-2023-9047,event-01685,GENERATES,0.86
CVE-2022-4953,event-01161,GENERATES,0.65
CVE-2022-7372,event-01978,GENERATES,0.61
T7071,event-01943,GENERATES,0.6
CVE-2023-2264,event-01243,GENERATES,0.81
CVE-2025-6004,event-00313,GENERATES,0.52
CVE-2020-8777,event-00234,GENERATES,0.75
CVE-2020-8827,event-01852,GENERATES,0.56
CVE-2022-5255,event-01347,GENERATES,0.96
T1654,event-01463,GENERATES,0.88
CVE-2023-5960,event-00023,GENERATES,0.57
CVE-2020-7359,event-01129,GENERATES,0.63
CVE-2023-2794,event-00290,GENERATES,0.58
T8272,event-01821,GENERATES,0.73
CVE-2023-6006,event-00932,GENERATES,0.73
T9258,event-01984,GENERATES,0.81
CVE-2021-9429,event-01238,GENERATES,0.57
T1549,event-01396,GENERATES,0.88
CVE-2020-5545,event-00549,GENERATES,0.96
T9087,event-00473,GENERATES,0.55
T3282,event-01750,GENERATES,0.82
CVE-2022-2940,event-00425,GENERATES,0.71
T1059,event-00782,GENERATES,0.61
T3608,event-00179,GENERATES,0.65
T4949,event-00838,GENERATES,0.58
CVE-2024-9120,event-01533,GENERATES,0.69
CVE-2023-8882,event-00538,GENERATES,0.57
T3834,event-00571,GENERATES,0.97
CVE-2022-6930,event-00163,GENERATES,0.57
T4866,event-00353,GENERATES,0.79
CVE-2021-4642,event-00811,GENERATES,0.86
T5263,event-01184,GENERATES,0.8
CVE-2021-5080,event-00191,GENERATES,0.79
CVE-2023-5545,event-01251,GENERATES,0.81
CVE-2023-5635,event-01643,GENERATES,0.8
CVE-2020-9202,event-01875,GENERATES,0.96
CVE-2020-6722,event-01605,GENERATES,0.77
CVE-2022-6384,event-00814,GENERATES,0.77
T1653,event-00778,GENERATES,0.94
CVE-2023-3541,event-01152,GENERATES,0.56
CVE-2021-4737,event-00113,GENERATES,0.84
CVE-2021-5822,event-00214,GENERATES,0.53
CVE-2025-6938,event-01990,GENERATES,0.61
T3154,event-00718,GENERATES,0.64
T4317,event-01797,GENERATES,0.63
CVE-2022-3918,event-00564,GENERATES,0.84
CVE-2023-2623,event-00669,GENERATES,0.89
CVE-2021-1706,event-01551,GENERATES,0.77
CVE-2024-2119,event-00593,GENERATES,0.94
CVE-2021-8251,event-00026,GENERATES,0.83
CVE-2025-1264,event-00371,GENERATES,0.95
T7511,event-00442,GENERATES,0.84
CVE-2022-9408,event-01033,GENERATES,0.64
CVE-2022-2624,event-00453,GENERATES,0.69
T6266,event-01070,GENERATES,0.54
T1517,event-00609,GENERATES,0.75
CVE-2020-5379,event-01378,GENERATES,0.75
CVE-2021-2356,event-00042,GENERATES,0.99
CVE-2021-1382,event-00989,GENERATES,0.96
CVE-2025-6902,event-01917,GENERATES,0.58
CVE-2025-9208,event-00036,GENERATES,0.89
CVE-2023-3693,event-00311,GENERATES,0.66
CVE-2021-8055,event-01904,GENERATES,0.96
CVE-2023-4393,event-00971,GENERATES,0.75
T1807,event-01340,GENERATES,0.64
T1101,event-00866,GENERATES,0.66
CVE-2021-6649,event-00287,GENERATES,0.64
T4188,event-00178,GENERATES,0.9
T5756,event-00056,GENERATES,0.88
CVE-2024-5694,event-01028,GENERATES,0.88
CVE-2024-4344,event-01639,GENERATES,0.64
CVE-2024-5807,event-00984,GENERATES,0.6
T6087,event-01807,GENERATES,0.83
T2766,event-00574,GENERATES,0.61
CVE-2021-3111,event-01955,GENERATES,0.79
CVE-2021-9039,event-00547,GENERATES,0.54
T1429,event-01058,GENERATES,0.87
CVE-2022-5269,event-00342,GENERATES,0.54
CVE-2021-5065,event-01956,GENERATES,0.59
T9465,event-01722,GENERATES,0.53
CVE-2025-2298,event-00122,GENERATES,0.87
CVE-2024-2912,event-01843,GENERATES,0.71
T2444,event-00187,GENERATES,0.72
CVE-2021-8251,event-01925,GENERATES,0.57
CVE-2023-2055,event-01270,GENERATES,0.66
T3555,event-01676,GENERATES,0.61
CVE-2025-7522,event-01567,GENERATES,0.84
T8411,event-00831,GENERATES,0.91
T5102,event-00349,GENERATES,0.89
T3390,event-00152,GENERATES,0.99
T8541,event-00654,GENERATES,0.83
CVE-2023-5303,event-01791,GENERATES,0.95
CVE-2022-6933,event-00509,GENERATES,0.98
CVE-2025-1020,event-00160,GENERATES,0.54
CVE-2024-2709,event-00497,GENERATES,0.84
CVE-2025-5291,event-01903,GENERATES,0.58
CVE-2022-4419,event-01467,GENERATES,0.52
T5180,event-00511,GENERATES,0.62
T2119,event-01444,GENERATES,0.57
CVE-2025-4681,event-00932,GENERATES,0.57
CVE-2024-4799,event-01088,GENERATES,1.0
T2310,event-00559,GENERATES,0.58
CVE-2025-6403,event-01603,GENERATES,0.81
T7567,event-01069,GENERATES,0.8
T3300,event-00855,GENERATES,0.59
T3106,event-00984,GENERATES,0.74
T2618,event-00051,GENERATES,0.52
T1995,event-00147,GENERATES,0.75
CVE-2025-4249,event-00956,GENERATES,0.6
CVE-2025-3953,event-01700,GENERATES,0.55
T9895,event-00038,GENERATES,0.59
T4477,event-00397,GENERATES,0.68
CVE-2019-11510,event-00574,GENERATES,0.9
CVE-2021-6360,event-00057,GENERATES,0.93
CVE-2021-2435,event-00243,GENERATES,0.52
CVE-2024-5807,event-01987,GENERATES,0.64
T6783,event-01013,GENERATES,0.75
T2471,event-01597,GENERATES,0.78
T3639,event-01403,GENERATES,0.58
CVE-2024-3576,event-00972,GENERATES,0.51
CVE-2025-1306,event-01215,GENERATES,0.63
T2299,event-00659,GENERATES,0.85
T8328,event-00970,GENERATES,0.8
T2719,event-00927,GENERATES,0.95
CVE-2024-2010,event-01909,GENERATES,0.68
CVE-2025-8718,event-01499,GENERATES,0.95
CVE-2023-6230,event-01848,GENERATES,0.71
CVE-2020-8276,event-01999,GENERATES,0.98
CVE-2017-0144,event-01730,GENERATES,0.67
CVE-2025-9502,event-01665,GENERATES,0.96
CVE-2021-5540,event-01766,GENERATES,0.61
CVE-2022-8964,event-01582,GENERATES,0.53
CVE-2023-1030,event-01365,GENERATES,0.82
CVE-2023-5430,event-01155,GENERATES,0.98
CVE-2023-9434,event-00902,GENERATES,0.57
CVE-2021-1956,event-00054,GENERATES,0.62
T1371,event-01945,GENERATES,0.53
CVE-2021-1503,event-01736,GENERATES,0.56
CVE-2020-6988,event-01052,GENERATES,0.73
CVE-2023-6608,event-01155,GENERATES,0.72
CVE-2021-1503,event-01494,GENERATES,0.75
T4414,event-00762,GENERATES,0.89
T9036,event-00548,GENERATES,0.92
CVE-2020-8730,event-00884,GENERATES,0.53
CVE-2022-3154,event-00986,GENERATES,0.66
T1557,event-00624,GENERATES,0.67
T5363,event-00064,GENERATES,0.83
CVE-2022-4234,event-01398,GENERATES,0.58
T6565,event-01768,GENERATES,0.87
T1882,event-00535,GENERATES,0.71
CVE-2025-7136,event-00002,GENERATES,0.53
T3449,event-00039,GENERATES,0.71
T5645,event-00962,GENERATES,0.96
T5645,event-00257,GENERATES,0.57
CVE-2022-3172,event-01558,GENERATES,0.53
T5963,event-01910,GENERATES,0.64
T1653,event-00950,GENERATES,0.86
T3156,event-00892,GENERATES,0.95
CVE-2020-1863,event-01371,GENERATES,0.89
T5289,event-00716,GENERATES,0.94
T6465,event-01460,GENERATES,0.7
T7238,event-00823,GENERATES,0.91
T4048,event-00598,GENERATES,0.59
T9697,event-01458,GENERATES,0.61
CVE-2022-5850,event-01575,GENERATES,0.6
CVE-2022-2570,event-01580,GENERATES,0.75
T3980,event-00816,GENERATES,0.71
T4970,event-01876,GENERATES,0.52
CVE-2020-4520,event-01442,GENERATES,0.84
CVE-2021-4394,event-01978,GENERATES,0.54
CVE-2020-6988,event-00362,GENERATES,0.76
CVE-2025-8035,event-01784,GENERATES,0.9
T5804,event-01815,GENERATES,0.69
CVE-2024-1623,event-00117,GENERATES,0.55
CVE-2021-8650,event-01116,GENERATES,0.73
T4651,event-01139,GENERATES,0.95
T5180,event-00912,GENERATES,0.96
CVE-2020-4341,event-00971,GENERATES,0.71
CVE-2021-8064,event-01902,GENERATES,0.95
T2299,event-01958,GENERATES,0.76
T4093,event-00527,GENERATES,0.92
CVE-2023-8496,event-01506,GENERATES,0.56
T4095,event-01039,GENERATES,0.91
CVE-2022-2986,event-00135,GENERATES,0.84
CVE-2021-5600,event-01295,GENERATES,0.91
CVE-2021-4607,event-01410,GENERATES,0.6
CVE-2021-2927,event-01683,GENERATES,0.76
T4666,event-01726,GENERATES,0.72
T2495,event-01379,GENERATES,0.55
CVE-2023-3529,event-01002,GENERATES,0.91
T4867,event-01236,GENERATES,0.6
CVE-2022-1059,event-00144,GENERATES,0.91
T3045,event-01577,GENERATES,0.56
CVE-2023-8496,event-01814,GENERATES,0.66
T8171,event-01008,GENERATES,0.82
T3649,event-00861,GENERATES,0.97
CVE-2023-6608,event-00031,GENERATES,0.98
T3268,event-01301,GENERATES,0.8
CVE-2023-4102,event-00034,GENERATES,0.84
T9576,event-01669,GENERATES,0.97
CVE-2023-3653,event-00969,GENERATES,0.89
CVE-2021-1706,event-01383,GENERATES,0.61
T3053,event-01768,GENERATES,0.69
T5756,event-00344,GENERATES,0.74
CVE-2022-3331,event-01303,GENERATES,0.86
CVE-2020-8546,event-00135,GENERATES,0.92
CVE-2020-7851,event-01269,GENERATES,0.72
T6175,event-00964,GENERATES,0.98
T9805,event-00726,GENERATES,0.73
T4162,event-00632,GENERATES,0.66
T4048,event-00016,GENERATES,0.67
CVE-2022-3918,event-00367,GENERATES,0.59
T7373,event-01803,GENERATES,0.86
CVE-2025-8300,event-01791,GENERATES,0.75
CVE-2025-8446,event-00850,GENERATES,0.88
CVE-2020-2327,event-01808,GENERATES,0.74
CVE-2025-7373,event-01567,GENERATES,0.58
CVE-2025-6277,event-01014,GENERATES,0.55
CVE-2023-4892,event-01325,GENERATES,0.85
CVE-2025-9208,event-00875,GENERATES,0.9
T2195,event-01419,GENERATES,0.94
T2385,event-00529,GENERATES,0.9
CVE-2023-6002,event-00949,GENERATES,0.74
T5972,event-00790,GENERATES,0.58
T6332,event-00122,GENERATES,1.0
CVE-2021-5065,event-01918,GENERATES,0.83
T6869,event-01985,GENERATES,0.52
CVE-2023-3529,event-01618,GENERATES,0.77
CVE-2024-9837,event-00200,GENERATES,0.73
CVE-2025-4792,event-01337,GENERATES,0.74
CVE-2021-6908,event-01577,GENERATES,0.5
T1025,event-01828,GENERATES,0.82
CVE-2024-3072,event-00941,GENERATES,0.51
CVE-2024-4344,event-01497,GENERATES,0.83
T5173,event-01777,GENERATES,0.54
T3901,event-01594,GENERATES,0.88
T1807,event-00796,GENERATES,0.8
CVE-2025-4249,event-00600,GENERATES,0.68
CVE-2024-2010,event-00406,GENERATES,0.91
CVE-2024-2800,event-00365,GENERATES,0.5
CVE-2023-1982,event-01311,GENERATES,0.65
T9592,event-00703,GENERATES,0.62
T9795,event-00690,GENERATES,0.85
CVE-2021-1872,event-00947,GENERATES,0.73
T2044,event-01612,GENERATES,0.86
T4113,event-01825,GENERATES,0.78
CVE-2021-6051,event-01242,GENERATES,0.93
CVE-2020-2664,event-01708,GENERATES,0.59
T3156,event-01805,GENERATES,0.57
CVE-2020-2664,event-01766,GENERATES,0.92
CVE-2021-9366,event-01073,GENERATES,0.96
CVE-2024-7889,event-01245,GENERATES,0.58
CVE-2021-1503,event-01122,GENERATES,0.73
CVE-2021-2435,event-01971,GENERATES,0.99
CVE-2025-2575,event-01444,GENERATES,0.54
T5040,event-01661,GENERATES,0.76
T4666,event-01014,GENERATES,0.73
T5619,event-00593,GENERATES,0.53
T8913,event-00250,GENERATES,0.61
T4721,event-01615,GENERATES,0.91
T8676,event-00867,GENERATES,0.6
CVE-2020-3228,event-00591,GENERATES,0.59
T2634,event-00674,GENERATES,0.76
CVE-2022-9424,event-00032,GENERATES,0.63
T6816,event-00280,GENERATES,0.67
CVE-2025-8300,event-00663,GENERATES,0.81
T5094,event-00161,GENERATES,0.6
CVE-2025-3154,event-00459,GENERATES,0.98
T6687,event-00874,GENERATES,0.52
CVE-2025-8031,event-01925,GENERATES,0.64
CVE-2025-6403,event-00079,GENERATES,0.83
T2228,event-01233,GENERATES,0.78
CVE-2025-8300,event-01056,GENERATES,0.57
T8926,event-00222,GENERATES,0.95
T9036,event-01455,GENERATES,0.73
CVE-2024-1045,event-00117,GENERATES,0.59
T4095,event-01924,GENERATES,0.9
CVE-2025-4681,event-01441,GENERATES,0.63
T9805,event-00033,GENERATES,0.91
CVE-2021-8064,event-01743,GENERATES,0.97
T4012,event-01983,GENERATES,0.53
CVE-2025-6883,event-00716,GENERATES,0.51
CVE-2023-4076,event-00044,GENERATES,0.83
CVE-2021-5080,event-01355,GENERATES,0.67
T1653,event-01350,GENERATES,0.5
T4491,event-00154,GENERATES,0.85
T7199,event-01005,GENERATES,0.51
T3371,event-01457,GENERATES,0.54
CVE-2022-7827,event-01795,GENERATES,0.78
T5102,event-01052,GENERATES,0.65
CVE-2025-3154,event-00028,GENERATES,0.57
T9225,event-00476,GENERATES,0.75
CVE-2022-6900,event-00046,GENERATES,0.59
CVE-2022-3918,event-01455,GENERATES,0.87
CVE-2023-6230,event-01509,GENERATES,0.89
CVE-2021-5480,event-01290,GENERATES,1.0
CVE-2025-5888,event-00459,GENERATES,0.98
CVE-2021-3286,event-00892,GENERATES,0.7
T8179,event-00852,GENERATES,0.65
CVE-2023-3287,event-00196,GENERATES,0.69
CVE-2025-6119,event-00134,GENERATES,0.76
CVE-2021-7045,event-01260,GENERATES,0.88
T9499,event-01371,GENERATES,0.94
T8994,event-00475,GENERATES,0.97
CVE-2021-6236,event-01835,GENERATES,0.79
T1523,event-00185,GENERATES,0.72
T1828,event-01324,GENERATES,0.6
CVE-2025-8137,event-00007,GENERATES,0.76
T4721,event-01989,GENERATES,0.99
T9697,event-00165,GENERATES,0.71
T1602,event-00088,GENERATES,0.74
T1056,event-01504,GENERATES,0.94
T6355,event-00070,GENERATES,0.52
CVE-2021-1799,event-00072,GENERATES,0.84
CVE-2025-7136,event-00981,GENERATES,0.86
T1185,event-00958,GENERATES,0.71
CVE-2023-5430,event-01744,GENERATES,0.58
CVE-2021-5267,event-01837,GENERATES,0.92
CVE-2024-6816,event-00678,GENERATES,0.81
CVE-2021-3111,event-00802,GENERATES,0.61
CVE-2021-1638,event-01924,GENERATES,0.54
CVE-2024-7370,event-01865,GENERATES,0.61
T2067,event-00005,GENERATES,0.78
T7141,event-00950,GENERATES,0.63
T4115,event-00910,GENERATES,0.95
T1870,event-00246,GENERATES,0.63
T9793,event-00763,GENERATES,0.59
T2129,event-00655,GENERATES,0.75
T7224,event-00004,GENERATES,0.53
CVE-2021-8064,event-00616,GENERATES,0.53
CVE-2022-4419,event-00967,GENERATES,0.79
CVE-2024-1576,event-00423,GENERATES,0.66
CVE-2024-9332,event-01291,GENERATES,0.96
CVE-2022-9267,event-01218,GENERATES,0.72
T4113,event-00365,GENERATES,0.66
CVE-2024-3576,event-01534,GENERATES,0.98
T7199,event-00598,GENERATES,0.56
CVE-2020-4520,event-01928,GENERATES,0.51
T5555,event-00660,GENERATES,0.76
T5299,event-00265,GENERATES,0.89
CVE-2023-1946,event-00338,GENERATES,0.93
CVE-2023-6006,event-00353,GENERATES,0.78
T1048,event-00116,GENERATES,0.96
T1059,event-00898,GENERATES,0.63
T2245,event-01016,GENERATES,0.59
T2511,event-01173,GENERATES,0.71
T5299,event-01327,GENERATES,0.73
CVE-2020-6664,event-01245,GENERATES,0.85
T8034,event-01393,GENERATES,0.72
CVE-2024-1576,event-00054,GENERATES,0.55
CVE-2023-9749,event-00999,GENERATES,0.87
T8694,event-00386,GENERATES,0.62
T2444,event-01373,GENERATES,0.81
T9793,event-01655,GENERATES,1.0
CVE-2021-8650,event-01769,GENERATES,0.9
T3045,event-01178,GENERATES,0.67
CVE-2023-8133,event-00195,GENERATES,0.91
T2541,event-00872,GENERATES,0.59
CVE-2023-5545,event-01577,GENERATES,0.5
CVE-2022-5524,event-00663,GENERATES,0.81
CVE-2021-3717,event-00441,GENERATES,0.92
CVE-2022-4096,event-01914,GENERATES,1.0
T3856,event-01420,GENERATES,0.79
CVE-2020-2132,event-00343,GENERATES,0.79
T2511,event-00418,GENERATES,0.8
T2917,event-01734,GENERATES,0.84
T4477,event-01887,GENERATES,0.65
T6360,event-01683,GENERATES,0.92
T1053,event-00958,GENERATES,0.56
CVE-2025-9558,event-00005,GENERATES,0.52
CVE-2024-6937,event-01087,GENERATES,0.88
CVE-2021-9153,event-00986,GENERATES,0.68
T9441,event-00290,GENERATES,0.74
T2514,event-00881,GENERATES,0.56
T5599,event-00759,GENERATES,0.78
T5181,event-01512,GENERATES,0.57
T9938,event-01273,GENERATES,0.7
CVE-2024-7792,event-01747,GENERATES,0.81
T7385,event-00589,GENERATES,0.52
T5464,event-00467,GENERATES,0.79
CVE-2024-1089,event-01623,GENERATES,0.75
T2435,event-01180,GENERATES,0.64
CVE-2021-7469,event-01904,GENERATES,0.95
CVE-2025-1582,event-01561,GENERATES,0.99
CVE-2020-2419,event-01929,GENERATES,0.53
T2471,event-01827,GENERATES,0.64
CVE-2023-8133,event-01690,GENERATES,0.97
CVE-2025-7091,event-01315,GENERATES,0.86
T1058,event-00078,GENERATES,0.79
T6582,event-01919,GENERATES,0.6
T2439,event-01257,GENERATES,0.62
T7141,event-00662,GENERATES,0.88
CVE-2020-2664,event-00139,GENERATES,0.54
T2226,event-01446,GENERATES,0.9
T5967,event-00659,GENERATES,0.81
T7385,event-00015,GENERATES,0.96
CVE-2022-3172,event-00873,GENERATES,1.0
T6827,event-00536,GENERATES,0.86
CVE-2023-3693,event-00589,GENERATES,0.88
T9087,event-02000,GENERATES,0.58
T7781,event-01481,GENERATES,0.72
T2362,event-01453,GENERATES,0.98
CVE-2020-5545,event-00957,GENERATES,0.93
CVE-2020-7989,event-00869,GENERATES,0.99
T8665,event-00091,GENERATES,0.96
T1358,event-00140,GENERATES,0.56
CVE-2024-1576,event-00223,GENERATES,0.73
T2195,event-00070,GENERATES,0.6
CVE-2022-3154,event-01973,GENERATES,0.87
CVE-2024-3145,event-00945,GENERATES,0.58
T5569,event-01729,GENERATES,0.69
CVE-2023-2623,event-00266,GENERATES,0.87
CVE-2022-6682,event-00846,GENERATES,0.69
CVE-2022-6930,event-01807,GENERATES,0.81
T1517,event-01075,GENERATES,0.84
CVE-2023-4393,event-01251,GENERATES,0.79
CVE-2021-6371,event-00370,GENERATES,0.75
CVE-2021-1503,event-00421,GENERATES,0.84
T5246,event-01599,GENERATES,0.6
CVE-2024-3659,event-01746,GENERATES,0.63
T2763,event-00756,GENERATES,0.77
CVE-2025-7364,event-00367,GENERATES,0.63
T5599,event-01528,GENERATES,0.54
CVE-2025-8617,event-01814,GENERATES,0.99
T8243,event-01219,GENERATES,0.89
T5552,event-00420,GENERATES,0.85
CVE-2023-8882,event-00922,GENERATES,0.97
T3522,event-01614,GENERATES,0.76
CVE-2021-7759,event-00584,GENERATES,0.86
T4705,event-00175,GENERATES,0.56
T6467,event-00042,GENERATES,0.61
CVE-2021-6051,event-01199,GENERATES,0.98
CVE-2021-4642,event-01015,GENERATES,0.62
T6968,event-00361,GENERATES,0.69
CVE-2024-5694,event-01502,GENERATES,0.5
T1517,event-01754,GENERATES,0.65
T1048,event-01976,GENERATES,0.6
CVE-2022-3918,event-00727,GENERATES,0.9
CVE-2024-4517,event-00724,GENERATES,0.73
CVE-2022-5255,event-00330,GENERATES,0.9
T1371,event-00955,GENERATES,0.73
CVE-2025-7091,event-01003,GENERATES,0.88
CVE-2020-3108,event-00226,GENERATES,0.82
CVE-2023-8115,event-00403,GENERATES,0.93
CVE-2023-5900,event-00303,GENERATES,0.95
T8056,event-00584,GENERATES,0.57
CVE-2024-7814,event-01816,GENERATES,0.6
T8034,event-01485,GENERATES,0.71
T9379,event-00438,GENERATES,0.72
CVE-2023-8620,event-01263,GENERATES,0.77
CVE-2025-1541,event-01794,GENERATES,0.68
T5725,event-00025,GENERATES,0.76
CVE-2020-5322,event-01768,GENERATES,0.6
T2824,event-00763,GENERATES,0.98
T7165,event-00706,GENERATES,0.57
T1967,event-01126,GENERATES,0.66
T3901,event-01516,GENERATES,0.89
T3300,event-00597,GENERATES,0.84
CVE-2025-2184,event-01368,GENERATES,0.73
CVE-2024-5237,event-00052,GENERATES,0.63
CVE-2022-6384,event-01523,GENERATES,0.58
CVE-2024-1044,event-00426,GENERATES,0.7
T2435,event-00766,GENERATES,0.84
CVE-2023-2350,event-00602,GENERATES,0.77
CVE-2023-9047,event-01426,GENERATES,0.89
T8379,event-00395,GENERATES,0.86
T8694,event-00315,GENERATES,0.56
T5102,event-01105,GENERATES,0.75
T2728,event-00846,GENERATES,0.5
CVE-2024-9666,event-01106,GENERATES,0.97
T9470,event-00279,GENERATES,0.86
CVE-2020-1703,event-00321,GENERATES,0.79
CVE-2025-9502,event-01571,GENERATES,0.68
T3477,event-01367,GENERATES,0.72
CVE-2020-2995,event-01462,GENERATES,0.97
T8553,event-00420,GENERATES,0.5
CVE-2021-2597,event-00098,GENERATES,0.81
T6465,event-01699,GENERATES,0.63
CVE-2025-9558,event-01874,GENERATES,0.94
CVE-2024-3444,event-01627,GENERATES,0.72
T2259,event-01446,GENERATES,0.92
T3371,event-01084,GENERATES,0.75
CVE-2025-5404,event-01976,GENERATES,0.82
T1048,event-01533,GENERATES,0.53
T3175,event-01123,GENERATES,0.69
CVE-2024-2014,event-01936,GENERATES,0.72
CVE-2025-5404,event-00278,GENERATES,0.88
CVE-2024-5805,event-01062,GENERATES,0.73
T3390,event-01792,GENERATES,0.82
T5805,event-01021,GENERATES,0.64
T6379,event-01988,GENERATES,0.91
CVE-2022-8754,event-00215,GENERATES,0.64
CVE-2025-7963,event-01782,GENERATES,0.81
CVE-2020-8276,event-01952,GENERATES,0.53
T2203,event-00905,GENERATES,0.71
CVE-2023-5960,event-01550,GENERATES,0.6
T1587,event-00418,GENERATES,0.85
T9440,event-01541,GENERATES,0.95
T3341,event-00932,GENERATES,0.52
CVE-2023-7289,event-00717,GENERATES,0.58
CVE-2023-7289,event-01709,GENERATES,0.93
CVE-2022-9915,event-00511,GENERATES,0.72
CVE-2025-5048,event-01390,GENERATES,0.86
T9313,event-00055,GENERATES,0.72
T8548,event-01333,GENERATES,0.5
CVE-2021-5822,event-00341,GENERATES,0.64
T7934,event-00575,GENERATES,0.8
T2078,event-01384,GENERATES,0.65
T1101,event-00696,GENERATES,0.52
CVE-2020-7038,event-01489,GENERATES,0.61
T1056,event-01920,GENERATES,0.75
T5725,event-01219,GENERATES,1.0
CVE-2021-6548,event-00482,GENERATES,0.51
T5829,event-00190,GENERATES,0.66
CVE-2022-3628,event-01079,GENERATES,0.99
T3341,event-00497,GENERATES,0.83
T6564,event-00006,GENERATES,0.75
CVE-2024-2360,event-00853,GENERATES,0.64
CVE-2024-6460,event-00587,GENERATES,0.51
T4093,event-01121,GENERATES,0.86
CVE-2022-8964,event-00953,GENERATES,0.52
T4902,event-01896,GENERATES,0.94
T8834,event-00012,GENERATES,0.92
T1044,event-01517,GENERATES,0.85
CVE-2022-4096,event-01329,GENERATES,0.91
CVE-2024-7538,event-00893,GENERATES,0.7
CVE-2022-8964,event-00793,GENERATES,0.89
T2418,event-01306,GENERATES,0.99
CVE-2022-8964,event-01310,GENERATES,0.87
T2766,event-01579,GENERATES,0.81
T2866,event-00336,GENERATES,0.92
CVE-2020-5379,event-00067,GENERATES,0.87
T6754,event-00058,GENERATES,0.8
CVE-2022-2762,event-01563,GENERATES,0.55
T8040,event-00283,GENERATES,0.91
CVE-2024-3069,event-00579,GENERATES,0.84
T7410,event-01444,GENERATES,0.86
CVE-2020-5306,event-00989,GENERATES,0.84
T2798,event-01058,GENERATES,0.94
CVE-2022-2051,event-00310,GENERATES,0.88
T9855,event-01702,GENERATES,0.89
CVE-2020-5545,event-00985,GENERATES,0.95
T2640,event-00437,GENERATES,0.58
CVE-2021-3088,event-01278,GENERATES,0.83
T9576,event-01714,GENERATES,0.95
T4414,event-00103,GENERATES,0.74
T1296,event-01704,GENERATES,0.82
T4188,event-00235,GENERATES,0.74
CVE-2020-7432,event-01369,GENERATES,0.8
CVE-2021-2566,event-00719,GENERATES,0.67
T4233,event-00070,GENERATES,0.83
T5756,event-00739,GENERATES,0.89
T3268,event-00911,GENERATES,0.77
CVE-2021-8064,event-00690,GENERATES,0.67
CVE-2021-3717,event-00206,GENERATES,0.54
CVE-2023-4990,event-00536,GENERATES,0.72
CVE-2025-9558,event-00366,GENERATES,0.65
T2234,event-00678,GENERATES,0.6
T3300,event-01427,GENERATES,0.58
CVE-2024-7695,event-00427,GENERATES,0.8
T1306,event-01515,GENERATES,0.79
T8563,event-00369,GENERATES,0.89
T9365,event-00441,GENERATES,0.54
CVE-2021-5540,event-01692,GENERATES,0.62
T4705,event-01874,GENERATES,0.59
CVE-2023-6608,event-00216,GENERATES,0.75
T5375,event-01124,GENERATES,0.81
CVE-2024-5694,event-01060,GENERATES,0.83
T5963,event-01179,GENERATES,0.79
T3855,event-00266,GENERATES,0.96
T9795,event-01896,GENERATES,0.81
T7652,event-00910,GENERATES,0.68
T1185,event-00459,GENERATES,0.71
CVE-2025-6938,event-00982,GENERATES,0.74
CVE-2024-1362,event-00857,GENERATES,0.58
CVE-2020-8718,event-01468,GENERATES,0.93
CVE-2024-9666,event-00353,GENERATES,0.96
CVE-2023-6229,event-00464,GENERATES,0.5
T8548,event-02000,GENERATES,0.61
CVE-2023-4990,event-00728,GENERATES,0.85
CVE-2019-11510,event-00778,GENERATES,0.52
T3154,event-01314,GENERATES,0.82
CVE-2024-2119,event-01167,GENERATES,0.85
CVE-2023-3287,event-01065,GENERATES,0.66
T6379,event-01871,GENERATES,0.95
CVE-2020-9721,event-01003,GENERATES,0.93
T4866,event-01576,GENERATES,0.64
T2901,event-01446,GENERATES,0.92
T1820,event-00804,GENERATES,0.86
CVE-2023-8133,event-01887,GENERATES,0.88
CVE-2024-8947,event-01694,GENERATES,0.84
CVE-2020-8280,event-01715,GENERATES,0.96
CVE-2024-9705,event-00172,GENERATES,0.56
T2763,event-00052,GENERATES,0.71
CVE-2022-4658,event-01944,GENERATES,0.81
CVE-2024-3506,event-00210,GENERATES,0.6
CVE-2021-3111,event-00622,GENERATES,0.93
CVE-2022-2053,event-00828,GENERATES,0.65
T8520,event-00167,GENERATES,0.68
T3181,event-00563,GENERATES,0.86
T3076,event-01840,GENERATES,0.85
T2901,event-00725,GENERATES,0.82
T8243,event-00525,GENERATES,0.84
T7820,event-00915,GENERATES,0.93
CVE-2021-1872,event-00273,GENERATES,0.81
CVE-2022-6568,event-01418,GENERATES,0.83
CVE-2023-2264,event-01880,GENERATES,0.58
CVE-2022-7121,event-00764,GENERATES,1.0
CVE-2021-6237,event-01637,GENERATES,0.75
T9576,event-00455,GENERATES,0.57
T5522,event-01776,GENERATES,0.9
T3639,event-01207,GENERATES,0.86
CVE-2024-2010,event-01300,GENERATES,0.59
CVE-2021-2051,event-00792,GENERATES,1.0
CVE-2020-8560,event-01207,GENERATES,0.99
T3076,event-00487,GENERATES,1.0
CVE-2022-6226,event-00945,GENERATES,0.67
CVE-2020-7895,event-00594,GENERATES,0.6
CVE-2020-1659,event-00284,GENERATES,0.57
CVE-2025-9346,event-01765,GENERATES,0.6
CVE-2021-5540,event-01056,GENERATES,0.86
T4949,event-00362,GENERATES,0.64
T6360,event-00803,GENERATES,0.7
CVE-2024-1576,event-00097,GENERATES,0.92
CVE-2022-7567,event-01055,GENERATES,0.66
T9365,event-01809,GENERATES,0.57
CVE-2022-7754,event-00401,GENERATES,0.62
T6816,event-01516,GENERATES,0.57
CVE-2023-1925,event-00138,GENERATES,0.64
T3672,event-01020,GENERATES,0.92
T7385,event-00178,GENERATES,0.72
CVE-2024-9666,event-00420,GENERATES,0.79
CVE-2021-1638,event-00843,GENERATES,0.74
T5120,event-01681,GENERATES,0.63
T5725,event-00607,GENERATES,0.57
CVE-2021-3717,event-01056,GENERATES,0.58
CVE-2025-9189,event-01613,GENERATES,0.85
CVE-2024-6786,event-00196,GENERATES,0.53
CVE-2025-6883,event-00439,GENERATES,0.81
T5267,event-00082,GENERATES,0.72
CVE-2024-9332,event-01398,GENERATES,0.83
CVE-2024-7442,event-01612,GENERATES,0.69
T2077,event-01826,GENERATES,0.75
CVE-2020-9508,event-00865,GENERATES,0.56
T9413,event-00239,GENERATES,0.75
T2310,event-01693,GENERATES,0.74
T3865,event-01992,GENERATES,0.68
T4854,event-00029,GENERATES,0.94
T8717,event-01516,GENERATES,0.67
T8179,event-00829,GENERATES,0.68
CVE-2021-4607,event-01792,GENERATES,0.93
T8379,event-01342,GENERATES,0.5
T9221,event-00543,GENERATES,0.53
CVE-2025-8137,event-01659,GENERATES,0.76
CVE-2025-6076,event-01316,GENERATES,0.83
CVE-2023-7289,event-01855,GENERATES,0.66
T7777,event-01262,GENERATES,0.76
T7710,event-01202,GENERATES,0.74
T2511,event-00834,GENERATES,0.96
T2340,event-00250,GENERATES,0.81
CVE-2023-6006,event-00077,GENERATES,0.91
CVE-2024-8435,event-01238,GENERATES,0.75
T6912,event-00970,GENERATES,0.88
CVE-2025-4347,event-01647,GENERATES,0.87
CVE-2025-9815,event-01021,GENERATES,0.66
T1773,event-01924,GENERATES,0.63
T1870,event-00950,GENERATES,0.89
T6582,event-00695,GENERATES,0.9
CVE-2025-6897,event-00440,GENERATES,0.81
T9019,event-00300,GENERATES,0.77
T5478,event-00222,GENERATES,0.86
CVE-2021-3251,event-01939,GENERATES,0.6
CVE-2021-5267,event-01014,GENERATES,0.61
T8290,event-01867,GENERATES,0.65
T6446,event-00509,GENERATES,0.76
CVE-2021-44228,event-02000,GENERATES,1.0
T5180,event-01951,GENERATES,0.98
T8356,event-00381,GENERATES,0.97
T6564,event-00888,GENERATES,0.99
CVE-2021-6424,event-00909,GENERATES,0.65
CVE-2025-5149,event-00646,GENERATES,0.92
CVE-2020-1472,event-00293,GENERATES,0.76
T8056,event-01304,GENERATES,0.87
CVE-2022-5255,event-00415,GENERATES,0.72
CVE-2020-7851,event-00546,GENERATES,0.97
CVE-2021-2334,event-00470,GENERATES,0.64
T5804,event-01227,GENERATES,1.0
CVE-2020-3818,event-00964,GENERATES,0.62
CVE-2020-1261,event-00733,GENERATES,0.77
CVE-2020-6574,event-00210,GENERATES,0.76
CVE-2024-5183,event-01195,GENERATES,0.53
T7653,event-01495,GENERATES,0.68
T8515,event-00921,GENERATES,0.66
T3984,event-01716,GENERATES,0.73
CVE-2023-5635,event-00397,GENERATES,0.58
T2766,event-00492,GENERATES,0.61
T1262,event-01558,GENERATES,0.71
T5990,event-01120,GENERATES,0.9
T7312,event-01818,GENERATES,0.53
CVE-2020-4520,event-01235,GENERATES,0.63
CVE-2022-6319,event-00003,GENERATES,0.61
CVE-2025-2628,event-00718,GENERATES,0.92
T2228,event-00286,GENERATES,0.55
T2901,event-01949,GENERATES,0.64
CVE-2021-2334,event-01197,GENERATES,0.94
CVE-2022-7231,event-01605,GENERATES,0.61
CVE-2020-6600,event-01413,GENERATES,0.52
T8878,event-01140,GENERATES,0.84
CVE-2023-1618,event-01581,GENERATES,0.52
CVE-2020-9738,event-00104,GENERATES,0.67
T7071,event-00835,GENERATES,0.78
T4912,event-00097,GENERATES,0.77
CVE-2024-4620,event-00254,GENERATES,0.96
CVE-2021-1004,event-00933,GENERATES,0.89
CVE-2025-8720,event-01059,GENERATES,0.55
CVE-2023-3693,event-01305,GENERATES,0.65
CVE-2024-6442,event-01851,GENERATES,0.72
T2162,event-00555,GENERATES,0.8
CVE-2025-8718,event-01429,GENERATES,0.77
T9443,event-00590,GENERATES,0.72
CVE-2020-3311,event-00572,GENERATES,0.92
T4491,event-01321,GENERATES,0.81
T6276,event-01290,GENERATES,0.59
T3268,event-01117,GENERATES,0.53
CVE-2020-7719,event-00812,GENERATES,0.8
CVE-2023-2794,event-01502,GENERATES,0.97
CVE-2024-3632,event-00159,GENERATES,0.78
CVE-2022-7169,event-00733,GENERATES,0.98
T2119,event-00365,GENERATES,0.79
CVE-2020-7532,event-01480,GENERATES,0.77
T8203,event-00828,GENERATES,0.86
T3672,event-00536,GENERATES,0.88
CVE-2023-5960,event-01214,GENERATES,0.81
T6774,event-01698,GENERATES,0.64
T1654,event-01657,GENERATES,0.55
T8003,event-00777,GENERATES,0.52
CVE-2025-1306,event-01610,GENERATES,0.65
T6582,event-01973,GENERATES,0.54
T1258,event-00670,GENERATES,0.94
CVE-2022-4234,event-00459,GENERATES,0.76
CVE-2022-8634,event-00510,GENERATES,0.88
CVE-2024-1772,event-01318,GENERATES,0.68
T1711,event-01522,GENERATES,0.98
CVE-2022-7396,event-01291,GENERATES,0.76
T7224,event-01898,GENERATES,0.64
CVE-2022-8462,event-00789,GENERATES,0.55
CVE-2020-8827,event-01404,GENERATES,0.5
CVE-2024-3069,event-01254,GENERATES,0.66
CVE-2024-4917,event-01691,GENERATES,0.83
T5316,event-00448,GENERATES,1.0
T1371,event-00308,GENERATES,0.6
T9258,event-01730,GENERATES,0.69
CVE-2022-7754,event-00069,GENERATES,0.94
T2766,event-01865,GENERATES,0.91
CVE-2023-4076,event-00965,GENERATES,0.96
T5900,event-00817,GENERATES,0.81
T3274,event-01857,GENERATES,0.53
CVE-2020-9202,event-01217,GENERATES,0.92
T8878,event-00898,GENERATES,0.76
T9830,event-00421,GENERATES,0.81
CVE-2022-4096,event-01000,GENERATES,0.87
CVE-2024-6937,event-01697,GENERATES,0.96
CVE-2021-5540,event-01358,GENERATES,0.84
T7941,event-00110,GENERATES,0.66
CVE-2024-8582,event-00408,GENERATES,0.81
T3649,event-01991,GENERATES,0.72
CVE-2022-5255,event-00953,GENERATES,0.73
T2162,event-01092,GENERATES,0.74
CVE-2024-2360,event-01585,GENERATES,0.53
CVE-2024-6816,event-00553,GENERATES,0.53
